{
  "type": "FeatureCollection",
  "metadata": {
    "updatedAt": "2026-08-21T04:05:18.457Z",
    "source": "MoDOT TravelerInformation ArcGIS REST",
    "featureCount": 62
  },
  "features": [
    {
      "type": "Feature",
      "id": 268670817,
      "geometry": {
        "type": "Point",
        "coordinates": [
          -90.25223196699994,
          38.74255006300007
        ]
      },
      "properties": {
        "ESTIMATED_HOUR_DURATION": 96,
        "LAST_CHANGED_USER": "welloc1",
        "COUNTY_NAME": "ST. LOUIS",
        "DISTRICT_NO": 5,
        "TRAVELWAY_ID": 6145,
        "DESIGNATION": "RT",
        "TRAVELWAY_NAME": "AC",
        "DIRECTION": "S",
        "DATA_ID": 1021544,
        "STATIC_DTL_ID": 322649,
        "TRANSACTION_ID": 68766442,
        "ACTIVATION_DATE": 1787219437000,
        "DEACTIVATION_DATE": null,
        "OFFSET": null,
        "ROUTE": "RT AC S",
        "DISTRICT_ABBR": "SL",
        "BEGIN_LOG": 5.36600018,
        "END_LOG": 5.38199997,
        "PRIMARY_IND": "Y",
        "ENTIRE_IND": "Y",
        "ORPHANS_IND": null,
        "OPPOSING_DATA_ID": 1021545,
        "STATUS_CODE": "ACTIVE",
        "STATUS_DATE": 1787219437000,
        "START_DATE": 1787219400000,
        "END_DATE": null,
        "RIVER_NAME": null,
        "DEPTH": null,
        "TYPE_CODE": "SIGNAL ISSUE",
        "LEVEL_OF_IMPACT_CODE": "EXPECT DELAYS",
        "EXT_COMMENT": "Signal on red flash, be prepared to stop.",
        "ATMS_ID": null,
        "ATMS_SOURCE": null,
        "LAST_CHANGED_DATE": 1787219437000,
        "LOC_LAST_CHANGED_USER": "welloc1",
        "LOC_LAST_CHANGED_DATE": 1787219437000,
        "BEGIN_DESCRIPTION": ".011 mile(s) before CST LUCAS AND HUNT RD S",
        "END_DESCRIPTION": ".005 mile(s) after CST LUCAS AND HUNT RD S",
        "OBJECT_ID": 268670817,
        "layerId": 24,
        "layerName": "Incident High Point",
        "severity": "high"
      }
    },
    {
      "type": "Feature",
      "id": 268670820,
      "geometry": {
        "type": "Point",
        "coordinates": [
          -90.25223196699994,
          38.74255006300007
        ]
      },
      "properties": {
        "ESTIMATED_HOUR_DURATION": 96,
        "LAST_CHANGED_USER": "welloc1",
        "COUNTY_NAME": "ST. LOUIS",
        "DISTRICT_NO": 5,
        "TRAVELWAY_ID": 6146,
        "DESIGNATION": "RT",
        "TRAVELWAY_NAME": "AC",
        "DIRECTION": "N",
        "DATA_ID": 1021545,
        "STATIC_DTL_ID": 322650,
        "TRANSACTION_ID": 68766442,
        "ACTIVATION_DATE": 1787219438000,
        "DEACTIVATION_DATE": null,
        "OFFSET": null,
        "ROUTE": "RT AC N",
        "DISTRICT_ABBR": "SL",
        "BEGIN_LOG": 0.40200001,
        "END_LOG": 0.418000013,
        "PRIMARY_IND": "Y",
        "ENTIRE_IND": "Y",
        "ORPHANS_IND": null,
        "OPPOSING_DATA_ID": 1021544,
        "STATUS_CODE": "ACTIVE",
        "STATUS_DATE": 1787219438000,
        "START_DATE": 1787219400000,
        "END_DATE": null,
        "RIVER_NAME": null,
        "DEPTH": null,
        "TYPE_CODE": "SIGNAL ISSUE",
        "LEVEL_OF_IMPACT_CODE": "EXPECT DELAYS",
        "EXT_COMMENT": "Signal on red flash, be prepared to stop.",
        "ATMS_ID": null,
        "ATMS_SOURCE": null,
        "LAST_CHANGED_DATE": 1787219438000,
        "LOC_LAST_CHANGED_USER": "welloc1",
        "LOC_LAST_CHANGED_DATE": 1787219438000,
        "BEGIN_DESCRIPTION": ".005 mile(s) before CST LUCAS AND HUNT RD S",
        "END_DESCRIPTION": ".011 mile(s) after CST LUCAS AND HUNT RD S",
        "OBJECT_ID": 268670820,
        "layerId": 24,
        "layerName": "Incident High Point",
        "severity": "high"
      }
    },
    {
      "type": "Feature",
      "id": 268681736,
      "geometry": {
        "type": "Point",
        "coordinates": [
          -90.36966355599998,
          38.56167235000004
        ]
      },
      "properties": {
        "ESTIMATED_HOUR_DURATION": 96,
        "LAST_CHANGED_USER": "foxm2",
        "COUNTY_NAME": "ST. LOUIS",
        "DISTRICT_NO": 5,
        "TRAVELWAY_ID": 6143,
        "DESIGNATION": "MO",
        "TRAVELWAY_NAME": "366",
        "DIRECTION": "E",
        "DATA_ID": 1021636,
        "STATIC_DTL_ID": 322707,
        "TRANSACTION_ID": 68769377,
        "ACTIVATION_DATE": 1787262978000,
        "DEACTIVATION_DATE": null,
        "OFFSET": null,
        "ROUTE": "MO 366 E",
        "DISTRICT_ABBR": "SL",
        "BEGIN_LOG": 3.42799997,
        "END_LOG": 3.51399994,
        "PRIMARY_IND": "Y",
        "ENTIRE_IND": "Y",
        "ORPHANS_IND": null,
        "OPPOSING_DATA_ID": 1021637,
        "STATUS_CODE": "ACTIVE",
        "STATUS_DATE": 1787262978000,
        "START_DATE": 1787262900000,
        "END_DATE": null,
        "RIVER_NAME": null,
        "DEPTH": null,
        "TYPE_CODE": "SIGNAL ISSUE",
        "LEVEL_OF_IMPACT_CODE": "EXPECT DELAYS",
        "EXT_COMMENT": "SIGNALS ON RED FLASH, BE PREPARED TO STOP",
        "ATMS_ID": null,
        "ATMS_SOURCE": null,
        "LAST_CHANGED_DATE": 1787262978000,
        "LOC_LAST_CHANGED_USER": "foxm2",
        "LOC_LAST_CHANGED_DATE": 1787262978000,
        "BEGIN_DESCRIPTION": ".05 mile(s) before CST PARDEE LN E",
        "END_DESCRIPTION": ".036 mile(s) after CST PARDEE LN E",
        "OBJECT_ID": 268681736,
        "layerId": 24,
        "layerName": "Incident High Point",
        "severity": "high"
      }
    },
    {
      "type": "Feature",
      "id": 268681739,
      "geometry": {
        "type": "Point",
        "coordinates": [
          -90.36972821199998,
          38.56177219600005
        ]
      },
      "properties": {
        "ESTIMATED_HOUR_DURATION": 96,
        "LAST_CHANGED_USER": "foxm2",
        "COUNTY_NAME": "ST. LOUIS",
        "DISTRICT_NO": 5,
        "TRAVELWAY_ID": 6144,
        "DESIGNATION": "MO",
        "TRAVELWAY_NAME": "366",
        "DIRECTION": "W",
        "DATA_ID": 1021637,
        "STATIC_DTL_ID": 322708,
        "TRANSACTION_ID": 68769377,
        "ACTIVATION_DATE": 1787262979000,
        "DEACTIVATION_DATE": null,
        "OFFSET": null,
        "ROUTE": "MO 366 W",
        "DISTRICT_ABBR": "SL",
        "BEGIN_LOG": 8.48600006,
        "END_LOG": 8.57199955,
        "PRIMARY_IND": "Y",
        "ENTIRE_IND": "Y",
        "ORPHANS_IND": null,
        "OPPOSING_DATA_ID": 1021636,
        "STATUS_CODE": "ACTIVE",
        "STATUS_DATE": 1787262979000,
        "START_DATE": 1787262900000,
        "END_DATE": null,
        "RIVER_NAME": null,
        "DEPTH": null,
        "TYPE_CODE": "SIGNAL ISSUE",
        "LEVEL_OF_IMPACT_CODE": "EXPECT DELAYS",
        "EXT_COMMENT": "SIGNALS ON RED FLASH, BE PREPARED TO STOP",
        "ATMS_ID": null,
        "ATMS_SOURCE": null,
        "LAST_CHANGED_DATE": 1787262979000,
        "LOC_LAST_CHANGED_USER": "foxm2",
        "LOC_LAST_CHANGED_DATE": 1787262979000,
        "BEGIN_DESCRIPTION": ".039 mile(s) before CST PARDEE LN E",
        "END_DESCRIPTION": ".047 mile(s) after CST PARDEE LN E",
        "OBJECT_ID": 268681739,
        "layerId": 24,
        "layerName": "Incident High Point",
        "severity": "high"
      }
    },
    {
      "type": "Feature",
      "id": 97,
      "geometry": {
        "type": "Point",
        "coordinates": [
          -90.48800643299995,
          38.59630971300004
        ]
      },
      "properties": {
        "OBJECTID": 267970276,
        "TI_OSOW_ID": 346591,
        "TI_WZ_ID": 553749,
        "LAST_CHANGED_USER": "CONNEJ1",
        "COUNTY_NAME": "ST. LOUIS",
        "DISTRICT_NUMBER": 5,
        "TRAVELWAY_ID": 6368,
        "DESIGNATION": "MO",
        "TRAVELWAY_NAME": "100",
        "DIRECTION": "E",
        "TW_CONTINUOUS_BEG_LOG": 104.251999,
        "TW_COUNTY_BEG_LOG": 0,
        "TW_CONTINUOUS_END_LOG": 104.524002,
        "TW_COUNTY_END_LOG": 0,
        "STATUS_DATE": null,
        "START_DATE": "23-JUN-2026",
        "END_DATE": "23-SEP-2026",
        "START_TIME": "12:00 AM",
        "END_TIME": "12:00 AM",
        "WORK_TYPE": "BRIDGE RECONSTRUCTION",
        "NUMBER_LANES_CLOSED": "0",
        "PROJECT_INSPECTOR": "Jayden Jimenez",
        "MODOT_USERID": "JIMENJ1 (JAYDEN JIMENEZ)",
        "MODOT_PHONE": "5735085900",
        "COMPANY_CONTACT": "jerry Kronable",
        "COMPANY_WORKING": "gershenson construction",
        "COMPANY_PHONE": "3145027972",
        "OP_TYPE": "CONSTRUCTION CONTRACT",
        "ORG_CODE": "7FCB",
        "STATUS": "ACTIVE",
        "WEEKEND": "BOTH",
        "AADT": 37154,
        "NHS": "NHS",
        "ROADWAY_TYPE": "5 LANE SECTION",
        "DIVIDED_UNDIVIDED": "UNDIVIDED",
        "BEG_REF_PT": ".031 mile(s) before CRD CONSORT DR S",
        "END_REF_PT": ".02 mile(s) before PVT MANCHESTER MEADOWS S",
        "LEVEL_OF_IMPACT": "EXPECT DELAYS",
        "JOB_NUMBER": "6P3274",
        "SPEED_LIMIT": "35",
        "PRIMARY_INDICATOR": "Y",
        "ACTIVATION_DATE": "23-JUN-26",
        "DEACTIVATION_DATE": null,
        "LAST_CHANGED_DATE": "06/24/2026",
        "EXTERNAL_COMMENT": " ",
        "OPPOSING_TI_WZ_ID": 553750,
        "ESRI_OID": 97,
        "layerId": 26,
        "layerName": "Work Zone High Point",
        "severity": "high"
      }
    },
    {
      "type": "Feature",
      "id": 103,
      "geometry": {
        "type": "Point",
        "coordinates": [
          -90.47166660399995,
          38.597104727000044
        ]
      },
      "properties": {
        "OBJECTID": 267887076,
        "TI_OSOW_ID": 345298,
        "TI_WZ_ID": 550719,
        "LAST_CHANGED_USER": "SMITHLE",
        "COUNTY_NAME": "ST. LOUIS",
        "DISTRICT_NUMBER": 5,
        "TRAVELWAY_ID": 6369,
        "DESIGNATION": "MO",
        "TRAVELWAY_NAME": "100",
        "DIRECTION": "W",
        "TW_CONTINUOUS_BEG_LOG": 15.5780001,
        "TW_COUNTY_BEG_LOG": 0,
        "TW_CONTINUOUS_END_LOG": 16.2910004,
        "TW_COUNTY_END_LOG": 0,
        "STATUS_DATE": null,
        "START_DATE": "04-MAY-2026",
        "END_DATE": "31-DEC-2026",
        "START_TIME": "12:00 AM",
        "END_TIME": "12:00 AM",
        "WORK_TYPE": "BRIDGE RECONSTRUCTION",
        "NUMBER_LANES_CLOSED": "1",
        "PROJECT_INSPECTOR": "Jayden Jimenez",
        "MODOT_USERID": "JIMENJ1 (JAYDEN JIMENEZ)",
        "MODOT_PHONE": "5735085900",
        "COMPANY_CONTACT": "jerry Kronable",
        "COMPANY_WORKING": "gershenson construction co.",
        "COMPANY_PHONE": "3145027972",
        "OP_TYPE": "CONSTRUCTION CONTRACT",
        "ORG_CODE": "7FCB",
        "STATUS": "ACTIVE",
        "WEEKEND": "BOTH",
        "AADT": 22055,
        "NHS": "NHS",
        "ROADWAY_TYPE": "EXPRESSWAY",
        "DIVIDED_UNDIVIDED": "DIVIDED",
        "BEG_REF_PT": ".014 mile(s) after CO MO100W TO MO100E E",
        "END_REF_PT": ".013 mile(s) after CRD MASON LN S",
        "LEVEL_OF_IMPACT": "EXPECT DELAYS",
        "JOB_NUMBER": "6P3274",
        "SPEED_LIMIT": "35",
        "PRIMARY_INDICATOR": "Y",
        "ACTIVATION_DATE": "04-MAY-26",
        "DEACTIVATION_DATE": null,
        "LAST_CHANGED_DATE": "05/27/2026",
        "EXTERNAL_COMMENT": " ",
        "OPPOSING_TI_WZ_ID": 550721,
        "ESRI_OID": 103,
        "layerId": 26,
        "layerName": "Work Zone High Point",
        "severity": "high"
      }
    },
    {
      "type": "Feature",
      "id": 138,
      "geometry": {
        "type": "Point",
        "coordinates": [
          -90.18261657699998,
          38.76668928000004
        ]
      },
      "properties": {
        "OBJECTID": 265832886,
        "TI_OSOW_ID": 336939,
        "TI_WZ_ID": 529222,
        "LAST_CHANGED_USER": "CONNEJ1",
        "COUNTY_NAME": "ST. LOUIS CITY",
        "DISTRICT_NUMBER": 5,
        "TRAVELWAY_ID": 256012,
        "DESIGNATION": "RT",
        "TRAVELWAY_NAME": "H",
        "DIRECTION": "S",
        "TW_CONTINUOUS_BEG_LOG": 0.384000003,
        "TW_COUNTY_BEG_LOG": 0,
        "TW_CONTINUOUS_END_LOG": 0.638999999,
        "TW_COUNTY_END_LOG": 0,
        "STATUS_DATE": null,
        "START_DATE": "10-MAR-2025",
        "END_DATE": "31-DEC-2026",
        "START_TIME": "12:00 AM",
        "END_TIME": "12:00 AM",
        "WORK_TYPE": "BRIDGE RECONSTRUCTION",
        "NUMBER_LANES_CLOSED": "1",
        "PROJECT_INSPECTOR": "Dan arnold",
        "MODOT_USERID": "ARNOLD1 (DANIEL ARNOLD)",
        "MODOT_PHONE": "3142206645",
        "COMPANY_CONTACT": "Brian Shaffer",
        "COMPANY_WORKING": "Millstone Weber",
        "COMPANY_PHONE": "3142859190",
        "OP_TYPE": "CONSTRUCTION CONTRACT",
        "ORG_CODE": "7FCA",
        "STATUS": "ACTIVE",
        "WEEKEND": "BOTH",
        "AADT": 1153,
        "NHS": "NOS",
        "ROADWAY_TYPE": "EXPRESSWAY",
        "DIVIDED_UNDIVIDED": "DIVIDED",
        "BEG_REF_PT": ".001 mile(s) before CST DUNN RD E",
        "END_REF_PT": ".001 mile(s) before CST CHAIN OF ROCKS BRG E",
        "LEVEL_OF_IMPACT": "EXPECT DELAYS",
        "JOB_NUMBER": "J6I3020C",
        "SPEED_LIMIT": "35",
        "PRIMARY_INDICATOR": "Y",
        "ACTIVATION_DATE": "10-MAR-25",
        "DEACTIVATION_DATE": null,
        "LAST_CHANGED_DATE": "03/12/2025",
        "EXTERNAL_COMMENT": " ",
        "OPPOSING_TI_WZ_ID": 529223,
        "ESRI_OID": 138,
        "layerId": 26,
        "layerName": "Work Zone High Point",
        "severity": "high"
      }
    },
    {
      "type": "Feature",
      "id": 139,
      "geometry": {
        "type": "Point",
        "coordinates": [
          -90.18242030499994,
          38.76665197700004
        ]
      },
      "properties": {
        "OBJECTID": 265832890,
        "TI_OSOW_ID": 336940,
        "TI_WZ_ID": 529223,
        "LAST_CHANGED_USER": "CONNEJ1",
        "COUNTY_NAME": "ST. LOUIS CITY",
        "DISTRICT_NUMBER": 5,
        "TRAVELWAY_ID": 256013,
        "DESIGNATION": "RT",
        "TRAVELWAY_NAME": "H",
        "DIRECTION": "N",
        "TW_CONTINUOUS_BEG_LOG": 7.36100006,
        "TW_COUNTY_BEG_LOG": 0,
        "TW_CONTINUOUS_END_LOG": 7.61800003,
        "TW_COUNTY_END_LOG": 0,
        "STATUS_DATE": null,
        "START_DATE": "10-MAR-2025",
        "END_DATE": "31-DEC-2026",
        "START_TIME": "12:00 AM",
        "END_TIME": "12:00 AM",
        "WORK_TYPE": "BRIDGE RECONSTRUCTION",
        "NUMBER_LANES_CLOSED": "1",
        "PROJECT_INSPECTOR": "Dan arnold",
        "MODOT_USERID": "ARNOLD1 (DANIEL ARNOLD)",
        "MODOT_PHONE": "3142206645",
        "COMPANY_CONTACT": "Brian Shaffer",
        "COMPANY_WORKING": "Millstone Weber",
        "COMPANY_PHONE": "3142859190",
        "OP_TYPE": "CONSTRUCTION CONTRACT",
        "ORG_CODE": "7FCA",
        "STATUS": "ACTIVE",
        "WEEKEND": "BOTH",
        "AADT": 3112,
        "NHS": "NOS",
        "ROADWAY_TYPE": "EXPRESSWAY",
        "DIVIDED_UNDIVIDED": "DIVIDED",
        "BEG_REF_PT": ".001 mile(s) after CST CHAIN OF ROCKS BRG E",
        "END_REF_PT": ".001 mile(s) after CST DUNN RD E",
        "LEVEL_OF_IMPACT": "EXPECT DELAYS",
        "JOB_NUMBER": "J6I3020C",
        "SPEED_LIMIT": "35",
        "PRIMARY_INDICATOR": "Y",
        "ACTIVATION_DATE": "10-MAR-25",
        "DEACTIVATION_DATE": null,
        "LAST_CHANGED_DATE": "03/12/2025",
        "EXTERNAL_COMMENT": " ",
        "OPPOSING_TI_WZ_ID": 529222,
        "ESRI_OID": 139,
        "layerId": 26,
        "layerName": "Work Zone High Point",
        "severity": "high"
      }
    },
    {
      "type": "Feature",
      "id": 160,
      "geometry": {
        "type": "Point",
        "coordinates": [
          -90.33322847299996,
          38.775452968000025
        ]
      },
      "properties": {
        "OBJECTID": 268502603,
        "TI_OSOW_ID": null,
        "TI_WZ_ID": 556462,
        "LAST_CHANGED_USER": "CONNEJ1",
        "COUNTY_NAME": "ST. LOUIS",
        "DISTRICT_NUMBER": 5,
        "TRAVELWAY_ID": 6136,
        "DESIGNATION": "IS",
        "TRAVELWAY_NAME": "270",
        "DIRECTION": "W",
        "TW_CONTINUOUS_BEG_LOG": 8.57900047,
        "TW_COUNTY_BEG_LOG": 0,
        "TW_CONTINUOUS_END_LOG": 8.99100018,
        "TW_COUNTY_END_LOG": 0,
        "STATUS_DATE": null,
        "START_DATE": "11-AUG-2026",
        "END_DATE": "21-AUG-2026",
        "START_TIME": "07:00 PM",
        "END_TIME": "05:00 AM",
        "WORK_TYPE": "BRIDGE MAINTENANCE",
        "NUMBER_LANES_CLOSED": "3",
        "PROJECT_INSPECTOR": "jack kratky",
        "MODOT_USERID": "KRATKJ1 (JACK KRATKY)",
        "MODOT_PHONE": "3142202335",
        "COMPANY_CONTACT": "Bob pilkus",
        "COMPANY_WORKING": "concrete strategies",
        "COMPANY_PHONE": "3146406007",
        "OP_TYPE": "MAINT CONTRACT",
        "ORG_CODE": "7FCH",
        "STATUS": "ACTIVE",
        "WEEKEND": "NONE",
        "AADT": 67376,
        "NHS": "NHS",
        "ROADWAY_TYPE": "FREEWAY",
        "DIVIDED_UNDIVIDED": "DIVIDED",
        "BEG_REF_PT": ".045 mile(s) after PED PO A6413 S",
        "END_REF_PT": ".114 mile(s) after CST NORTH HANLEY RD S",
        "LEVEL_OF_IMPACT": "EXPECT DELAYS",
        "JOB_NUMBER": "6P3447",
        "SPEED_LIMIT": "50",
        "PRIMARY_INDICATOR": "Y",
        "ACTIVATION_DATE": "11-AUG-26",
        "DEACTIVATION_DATE": null,
        "LAST_CHANGED_DATE": "08/11/2026",
        "EXTERNAL_COMMENT": " ",
        "OPPOSING_TI_WZ_ID": 556463,
        "ESRI_OID": 160,
        "layerId": 26,
        "layerName": "Work Zone High Point",
        "severity": "high"
      }
    },
    {
      "type": "Feature",
      "id": 161,
      "geometry": {
        "type": "Point",
        "coordinates": [
          -90.33326420699996,
          38.77528359900003
        ]
      },
      "properties": {
        "OBJECTID": 268502605,
        "TI_OSOW_ID": null,
        "TI_WZ_ID": 556463,
        "LAST_CHANGED_USER": "CONNEJ1",
        "COUNTY_NAME": "ST. LOUIS",
        "DISTRICT_NUMBER": 5,
        "TRAVELWAY_ID": 6135,
        "DESIGNATION": "IS",
        "TRAVELWAY_NAME": "270",
        "DIRECTION": "E",
        "TW_CONTINUOUS_BEG_LOG": 26.7719994,
        "TW_COUNTY_BEG_LOG": 0,
        "TW_CONTINUOUS_END_LOG": 27.184,
        "TW_COUNTY_END_LOG": 0,
        "STATUS_DATE": null,
        "START_DATE": "11-AUG-2026",
        "END_DATE": "21-AUG-2026",
        "START_TIME": "07:00 PM",
        "END_TIME": "05:00 AM",
        "WORK_TYPE": "BRIDGE MAINTENANCE",
        "NUMBER_LANES_CLOSED": "3",
        "PROJECT_INSPECTOR": "jack kratky",
        "MODOT_USERID": "KRATKJ1 (JACK KRATKY)",
        "MODOT_PHONE": "3142202335",
        "COMPANY_CONTACT": "Bob pilkus",
        "COMPANY_WORKING": "concrete strategies",
        "COMPANY_PHONE": "3146406007",
        "OP_TYPE": "MAINT CONTRACT",
        "ORG_CODE": "7FCH",
        "STATUS": "ACTIVE",
        "WEEKEND": "NONE",
        "AADT": 59864,
        "NHS": "NHS",
        "ROADWAY_TYPE": "FREEWAY",
        "DIVIDED_UNDIVIDED": "DIVIDED",
        "BEG_REF_PT": ".048 mile(s) before RP IS170W TO IS270E E",
        "END_REF_PT": ".045 mile(s) before PED PO A6413 S",
        "LEVEL_OF_IMPACT": "EXPECT DELAYS",
        "JOB_NUMBER": "6P3447",
        "SPEED_LIMIT": "50",
        "PRIMARY_INDICATOR": "Y",
        "ACTIVATION_DATE": "11-AUG-26",
        "DEACTIVATION_DATE": null,
        "LAST_CHANGED_DATE": "08/11/2026",
        "EXTERNAL_COMMENT": " ",
        "OPPOSING_TI_WZ_ID": 556462,
        "ESRI_OID": 161,
        "layerId": 26,
        "layerName": "Work Zone High Point",
        "severity": "high"
      }
    },
    {
      "type": "Feature",
      "id": 164,
      "geometry": {
        "type": "Point",
        "coordinates": [
          -90.46703809799999,
          38.79818346300004
        ]
      },
      "properties": {
        "OBJECTID": 265141553,
        "TI_OSOW_ID": 343779,
        "TI_WZ_ID": 546720,
        "LAST_CHANGED_USER": "CONNEJ1",
        "COUNTY_NAME": "ST. CHARLES",
        "DISTRICT_NUMBER": 5,
        "TRAVELWAY_ID": 6161,
        "DESIGNATION": "MO",
        "TRAVELWAY_NAME": "370",
        "DIRECTION": "E",
        "TW_CONTINUOUS_BEG_LOG": 7.46600008,
        "TW_COUNTY_BEG_LOG": 0,
        "TW_CONTINUOUS_END_LOG": 9.43299961,
        "TW_COUNTY_END_LOG": 0,
        "STATUS_DATE": null,
        "START_DATE": "02-MAR-2026",
        "END_DATE": "30-NOV-2026",
        "START_TIME": "12:00 AM",
        "END_TIME": "12:00 AM",
        "WORK_TYPE": "BRIDGE MAINTENANCE",
        "NUMBER_LANES_CLOSED": "1",
        "PROJECT_INSPECTOR": "MIKE KRAUS",
        "MODOT_USERID": "KRAUSM2 (MICHAEL KRAUS)",
        "MODOT_PHONE": "5732016253",
        "COMPANY_CONTACT": "MARK HARTMAN",
        "COMPANY_WORKING": "MILLSTONE WEBER",
        "COMPANY_PHONE": "3147134064",
        "OP_TYPE": "CONSTRUCTION CONTRACT",
        "ORG_CODE": "FCG",
        "STATUS": "ACTIVE",
        "WEEKEND": "BOTH",
        "AADT": 18462,
        "NHS": "NHS",
        "ROADWAY_TYPE": "FREEWAY",
        "DIVIDED_UNDIVIDED": "DIVIDED",
        "BEG_REF_PT": ".001 mile(s) before CST N 5TH ST S",
        "END_REF_PT": ".068 mile(s) after MO 141 S",
        "LEVEL_OF_IMPACT": "EXPECT DELAYS",
        "JOB_NUMBER": "J6P3554",
        "SPEED_LIMIT": "50",
        "PRIMARY_INDICATOR": "Y",
        "ACTIVATION_DATE": "20-FEB-26",
        "DEACTIVATION_DATE": null,
        "LAST_CHANGED_DATE": "02/24/2026",
        "EXTERNAL_COMMENT": " ",
        "OPPOSING_TI_WZ_ID": 546719,
        "ESRI_OID": 164,
        "layerId": 26,
        "layerName": "Work Zone High Point",
        "severity": "high"
      }
    },
    {
      "type": "Feature",
      "id": 171,
      "geometry": {
        "type": "Point",
        "coordinates": [
          -90.29755108199998,
          38.52456638900003
        ]
      },
      "properties": {
        "OBJECTID": 260110436,
        "TI_OSOW_ID": null,
        "TI_WZ_ID": 539904,
        "LAST_CHANGED_USER": "CONNEJ1",
        "COUNTY_NAME": "ST. LOUIS",
        "DISTRICT_NUMBER": 5,
        "TRAVELWAY_ID": 6261,
        "DESIGNATION": "MO",
        "TRAVELWAY_NAME": "267",
        "DIRECTION": "S",
        "TW_CONTINUOUS_BEG_LOG": 0,
        "TW_COUNTY_BEG_LOG": 0,
        "TW_CONTINUOUS_END_LOG": 4.02699995,
        "TW_COUNTY_END_LOG": 0,
        "STATUS_DATE": null,
        "START_DATE": "10-SEP-2025",
        "END_DATE": "01-NOV-2027",
        "START_TIME": "05:00 AM",
        "END_TIME": "02:00 PM",
        "WORK_TYPE": "ROADSIDE WORK",
        "NUMBER_LANES_CLOSED": "1",
        "PROJECT_INSPECTOR": "Tyler Hill",
        "MODOT_USERID": "HILLT5 (TYLER HILL)",
        "MODOT_PHONE": "3143704574",
        "COMPANY_CONTACT": "Bill wiskirchen",
        "COMPANY_WORKING": "NB West",
        "COMPANY_PHONE": "3144780420",
        "OP_TYPE": "CONSTRUCTION CONTRACT",
        "ORG_CODE": "7FCE",
        "STATUS": "ACTIVE",
        "WEEKEND": "NONE",
        "AADT": 9828,
        "NHS": "COL",
        "ROADWAY_TYPE": "TWO-LANE",
        "DIVIDED_UNDIVIDED": "UNDIVIDED",
        "BEG_REF_PT": "CST ALABAMA AVE E",
        "END_REF_PT": "US 50 E",
        "LEVEL_OF_IMPACT": "EXPECT DELAYS",
        "JOB_NUMBER": "J6S3397",
        "SPEED_LIMIT": "40",
        "PRIMARY_INDICATOR": "Y",
        "ACTIVATION_DATE": "04-SEP-25",
        "DEACTIVATION_DATE": null,
        "LAST_CHANGED_DATE": "09/04/2025",
        "EXTERNAL_COMMENT": " ",
        "OPPOSING_TI_WZ_ID": 539903,
        "ESRI_OID": 171,
        "layerId": 26,
        "layerName": "Work Zone High Point",
        "severity": "high"
      }
    },
    {
      "type": "Feature",
      "id": 174,
      "geometry": {
        "type": "Point",
        "coordinates": [
          -90.46693604099994,
          38.79836766900007
        ]
      },
      "properties": {
        "OBJECTID": 265141550,
        "TI_OSOW_ID": 343778,
        "TI_WZ_ID": 546719,
        "LAST_CHANGED_USER": "CONNEJ1",
        "COUNTY_NAME": "ST. LOUIS",
        "DISTRICT_NUMBER": 5,
        "TRAVELWAY_ID": 6162,
        "DESIGNATION": "MO",
        "TRAVELWAY_NAME": "370",
        "DIRECTION": "W",
        "TW_CONTINUOUS_BEG_LOG": 3.35500002,
        "TW_COUNTY_BEG_LOG": 0,
        "TW_CONTINUOUS_END_LOG": 5.31599998,
        "TW_COUNTY_END_LOG": 0,
        "STATUS_DATE": null,
        "START_DATE": "02-MAR-2026",
        "END_DATE": "30-NOV-2026",
        "START_TIME": "12:00 AM",
        "END_TIME": "12:00 AM",
        "WORK_TYPE": "BRIDGE MAINTENANCE",
        "NUMBER_LANES_CLOSED": "1",
        "PROJECT_INSPECTOR": "MIKE KRAUS",
        "MODOT_USERID": "KRAUSM2 (MICHAEL KRAUS)",
        "MODOT_PHONE": "5732016253",
        "COMPANY_CONTACT": "MARK HARTMAN",
        "COMPANY_WORKING": "MILLSTONE WEBER",
        "COMPANY_PHONE": "3147134064",
        "OP_TYPE": "CONSTRUCTION CONTRACT",
        "ORG_CODE": "FCG",
        "STATUS": "ACTIVE",
        "WEEKEND": "BOTH",
        "AADT": 23735,
        "NHS": "NHS",
        "ROADWAY_TYPE": "FREEWAY",
        "DIVIDED_UNDIVIDED": "DIVIDED",
        "BEG_REF_PT": ".012 mile(s) before RP MO141 TO MO370W W",
        "END_REF_PT": ".001 mile(s) after CST N 5TH ST S",
        "LEVEL_OF_IMPACT": "EXPECT DELAYS",
        "JOB_NUMBER": "J6P3554",
        "SPEED_LIMIT": "50",
        "PRIMARY_INDICATOR": "Y",
        "ACTIVATION_DATE": "20-FEB-26",
        "DEACTIVATION_DATE": null,
        "LAST_CHANGED_DATE": "02/24/2026",
        "EXTERNAL_COMMENT": " ",
        "OPPOSING_TI_WZ_ID": 546720,
        "ESRI_OID": 174,
        "layerId": 26,
        "layerName": "Work Zone High Point",
        "severity": "high"
      }
    },
    {
      "type": "Feature",
      "id": 183,
      "geometry": {
        "type": "Point",
        "coordinates": [
          -90.37688348799998,
          38.45172519400006
        ]
      },
      "properties": {
        "OBJECTID": 265871437,
        "TI_OSOW_ID": 344166,
        "TI_WZ_ID": 547773,
        "LAST_CHANGED_USER": "FARRAC1",
        "COUNTY_NAME": "JEFFERSON",
        "DISTRICT_NUMBER": 5,
        "TRAVELWAY_ID": 12,
        "DESIGNATION": "IS",
        "TRAVELWAY_NAME": "55",
        "DIRECTION": "N",
        "TW_CONTINUOUS_BEG_LOG": 191.895004,
        "TW_COUNTY_BEG_LOG": 0,
        "TW_CONTINUOUS_END_LOG": 193.625,
        "TW_COUNTY_END_LOG": 0,
        "STATUS_DATE": null,
        "START_DATE": "24-MAR-2026",
        "END_DATE": "30-NOV-2026",
        "START_TIME": "12:00 AM",
        "END_TIME": "12:00 AM",
        "WORK_TYPE": "BRIDGE MAINTENANCE",
        "NUMBER_LANES_CLOSED": "1",
        "PROJECT_INSPECTOR": "Josh Unland",
        "MODOT_USERID": "FARRAC1 (CYNTHIA FARRAR)",
        "MODOT_PHONE": "3142774069",
        "COMPANY_CONTACT": "Tom LePage",
        "COMPANY_WORKING": "Kozney Wagner",
        "COMPANY_PHONE": "3144860085",
        "OP_TYPE": "CONSTRUCTION CONTRACT",
        "ORG_CODE": "7FCD",
        "STATUS": "ACTIVE",
        "WEEKEND": "BOTH",
        "AADT": 54291,
        "NHS": "NHS",
        "ROADWAY_TYPE": "FREEWAY",
        "DIVIDED_UNDIVIDED": "DIVIDED",
        "BEG_REF_PT": ".047 mile(s) after RP IS55N TO MO141S S",
        "END_REF_PT": ".033 mile(s) before RP MERAMEC BOTTOM RD TO IS55N N",
        "LEVEL_OF_IMPACT": "EXPECT DELAYS",
        "JOB_NUMBER": "6I3290",
        "SPEED_LIMIT": "50",
        "PRIMARY_INDICATOR": "Y",
        "ACTIVATION_DATE": "16-MAR-26",
        "DEACTIVATION_DATE": null,
        "LAST_CHANGED_DATE": "04/07/2026",
        "EXTERNAL_COMMENT": " ",
        "OPPOSING_TI_WZ_ID": 547774,
        "ESRI_OID": 183,
        "layerId": 26,
        "layerName": "Work Zone High Point",
        "severity": "high"
      }
    },
    {
      "type": "Feature",
      "id": 190,
      "geometry": {
        "type": "Point",
        "coordinates": [
          -90.37706491099999,
          38.45176280600003
        ]
      },
      "properties": {
        "OBJECTID": 265871440,
        "TI_OSOW_ID": 344167,
        "TI_WZ_ID": 547774,
        "LAST_CHANGED_USER": "FARRAC1",
        "COUNTY_NAME": "ST. LOUIS",
        "DISTRICT_NUMBER": 5,
        "TRAVELWAY_ID": 13,
        "DESIGNATION": "IS",
        "TRAVELWAY_NAME": "55",
        "DIRECTION": "S",
        "TW_CONTINUOUS_BEG_LOG": 16.2040005,
        "TW_COUNTY_BEG_LOG": 0,
        "TW_CONTINUOUS_END_LOG": 17.9349995,
        "TW_COUNTY_END_LOG": 0,
        "STATUS_DATE": null,
        "START_DATE": "24-MAR-2026",
        "END_DATE": "30-NOV-2026",
        "START_TIME": "12:00 AM",
        "END_TIME": "12:00 AM",
        "WORK_TYPE": "BRIDGE MAINTENANCE",
        "NUMBER_LANES_CLOSED": "1",
        "PROJECT_INSPECTOR": "Josh Unland",
        "MODOT_USERID": "FARRAC1 (CYNTHIA FARRAR)",
        "MODOT_PHONE": "3142774069",
        "COMPANY_CONTACT": "Tom LePage",
        "COMPANY_WORKING": "Kozney Wagner",
        "COMPANY_PHONE": "3144860085",
        "OP_TYPE": "CONSTRUCTION CONTRACT",
        "ORG_CODE": "7FCD",
        "STATUS": "ACTIVE",
        "WEEKEND": "BOTH",
        "AADT": 70519,
        "NHS": "NHS",
        "ROADWAY_TYPE": "FREEWAY",
        "DIVIDED_UNDIVIDED": "DIVIDED",
        "BEG_REF_PT": ".026 mile(s) after RP IS55S TO MERAMEC BOTTOM RD W",
        "END_REF_PT": ".083 mile(s) before RP MO141N TO IS55S S",
        "LEVEL_OF_IMPACT": "EXPECT DELAYS",
        "JOB_NUMBER": "6I3290",
        "SPEED_LIMIT": "50",
        "PRIMARY_INDICATOR": "Y",
        "ACTIVATION_DATE": "16-MAR-26",
        "DEACTIVATION_DATE": null,
        "LAST_CHANGED_DATE": "04/07/2026",
        "EXTERNAL_COMMENT": " ",
        "OPPOSING_TI_WZ_ID": 547773,
        "ESRI_OID": 190,
        "layerId": 26,
        "layerName": "Work Zone High Point",
        "severity": "high"
      }
    },
    {
      "type": "Feature",
      "id": 208,
      "geometry": {
        "type": "Point",
        "coordinates": [
          -90.44123124099997,
          38.67050300100004
        ]
      },
      "properties": {
        "OBJECTID": 267887154,
        "TI_OSOW_ID": 345426,
        "TI_WZ_ID": 551100,
        "LAST_CHANGED_USER": "BIERA1",
        "COUNTY_NAME": "ST. LOUIS",
        "DISTRICT_NUMBER": 5,
        "TRAVELWAY_ID": 6142,
        "DESIGNATION": "MO",
        "TRAVELWAY_NAME": "340",
        "DIRECTION": "W",
        "TW_CONTINUOUS_BEG_LOG": 6.9829998,
        "TW_COUNTY_BEG_LOG": 0,
        "TW_CONTINUOUS_END_LOG": 7.66200018,
        "TW_COUNTY_END_LOG": 0,
        "STATUS_DATE": null,
        "START_DATE": "09-MAR-2026",
        "END_DATE": "30-SEP-2026",
        "START_TIME": "09:00 AM",
        "END_TIME": "03:00 PM",
        "WORK_TYPE": "SIDEWALK/ADA IMPROVEMENTS",
        "NUMBER_LANES_CLOSED": "1",
        "PROJECT_INSPECTOR": "Adam bier",
        "MODOT_USERID": "BIERA1 (ADAM BIER)",
        "MODOT_PHONE": "3145348794",
        "COMPANY_CONTACT": "nick vocks",
        "COMPANY_WORKING": "raineri",
        "COMPANY_PHONE": "5736945625",
        "OP_TYPE": "CONSTRUCTION CONTRACT",
        "ORG_CODE": "Fcb",
        "STATUS": "ACTIVE",
        "WEEKEND": "NONE",
        "AADT": 11810,
        "NHS": "NHS",
        "ROADWAY_TYPE": "EXPRESSWAY",
        "DIVIDED_UNDIVIDED": "DIVIDED",
        "BEG_REF_PT": ".019 mile(s) before CRD CRAIG RD S",
        "END_REF_PT": ".006 mile(s) after CRD ORCHARD LAKES DR S",
        "LEVEL_OF_IMPACT": "EXPECT DELAYS",
        "JOB_NUMBER": "6P3510C",
        "SPEED_LIMIT": "35",
        "PRIMARY_INDICATOR": "Y",
        "ACTIVATION_DATE": "07-MAY-26",
        "DEACTIVATION_DATE": null,
        "LAST_CHANGED_DATE": "07/31/2026",
        "EXTERNAL_COMMENT": " ",
        "OPPOSING_TI_WZ_ID": 547281,
        "ESRI_OID": 208,
        "layerId": 26,
        "layerName": "Work Zone High Point",
        "severity": "high"
      }
    },
    {
      "type": "Feature",
      "id": 219,
      "geometry": {
        "type": "Point",
        "coordinates": [
          -90.44124734399998,
          38.67041083000004
        ]
      },
      "properties": {
        "OBJECTID": 267887820,
        "TI_OSOW_ID": null,
        "TI_WZ_ID": 547281,
        "LAST_CHANGED_USER": "BIERA1",
        "COUNTY_NAME": "ST. LOUIS",
        "DISTRICT_NUMBER": 5,
        "TRAVELWAY_ID": 6141,
        "DESIGNATION": "MO",
        "TRAVELWAY_NAME": "340",
        "DIRECTION": "E",
        "TW_CONTINUOUS_BEG_LOG": 11.6160002,
        "TW_COUNTY_BEG_LOG": 0,
        "TW_CONTINUOUS_END_LOG": 12.2989998,
        "TW_COUNTY_END_LOG": 0,
        "STATUS_DATE": null,
        "START_DATE": "09-MAR-2026",
        "END_DATE": "30-SEP-2026",
        "START_TIME": "09:00 AM",
        "END_TIME": "03:00 PM",
        "WORK_TYPE": "SIDEWALK/ADA IMPROVEMENTS",
        "NUMBER_LANES_CLOSED": "1",
        "PROJECT_INSPECTOR": "Adam bier",
        "MODOT_USERID": "BIERA1 (ADAM BIER)",
        "MODOT_PHONE": "3145348794",
        "COMPANY_CONTACT": "nick vocks",
        "COMPANY_WORKING": "raineri",
        "COMPANY_PHONE": "5736945625",
        "OP_TYPE": "CONSTRUCTION CONTRACT",
        "ORG_CODE": "Fcb",
        "STATUS": "ACTIVE",
        "WEEKEND": "NONE",
        "AADT": 11850,
        "NHS": "NHS",
        "ROADWAY_TYPE": "EXPRESSWAY",
        "DIVIDED_UNDIVIDED": "DIVIDED",
        "BEG_REF_PT": "CST EMERSON RD S",
        "END_REF_PT": ".019 mile(s) after CRD CRAIG RD S",
        "LEVEL_OF_IMPACT": "EXPECT DELAYS",
        "JOB_NUMBER": "6P3510C",
        "SPEED_LIMIT": "35",
        "PRIMARY_INDICATOR": "Y",
        "ACTIVATION_DATE": "03-MAR-26",
        "DEACTIVATION_DATE": null,
        "LAST_CHANGED_DATE": "07/31/2026",
        "EXTERNAL_COMMENT": " ",
        "OPPOSING_TI_WZ_ID": 551100,
        "ESRI_OID": 219,
        "layerId": 26,
        "layerName": "Work Zone High Point",
        "severity": "high"
      }
    },
    {
      "type": "Feature",
      "id": 223,
      "geometry": {
        "type": "Point",
        "coordinates": [
          -90.47590204599999,
          38.596379865000074
        ]
      },
      "properties": {
        "OBJECTID": 267887081,
        "TI_OSOW_ID": null,
        "TI_WZ_ID": 550721,
        "LAST_CHANGED_USER": "SMITHLE",
        "COUNTY_NAME": "ST. LOUIS",
        "DISTRICT_NUMBER": 5,
        "TRAVELWAY_ID": 6368,
        "DESIGNATION": "MO",
        "TRAVELWAY_NAME": "100",
        "DIRECTION": "E",
        "TW_CONTINUOUS_BEG_LOG": 104.929001,
        "TW_COUNTY_BEG_LOG": 0,
        "TW_CONTINUOUS_END_LOG": 105.169998,
        "TW_COUNTY_END_LOG": 0,
        "STATUS_DATE": null,
        "START_DATE": "04-MAY-2026",
        "END_DATE": "31-DEC-2026",
        "START_TIME": "12:00 AM",
        "END_TIME": "12:00 AM",
        "WORK_TYPE": "BRIDGE RECONSTRUCTION",
        "NUMBER_LANES_CLOSED": "0",
        "PROJECT_INSPECTOR": "Jayden Jimenez",
        "MODOT_USERID": "JIMENJ1 (JAYDEN JIMENEZ)",
        "MODOT_PHONE": "5735085900",
        "COMPANY_CONTACT": "jerry Kronable",
        "COMPANY_WORKING": "gershenson construction co.",
        "COMPANY_PHONE": "3145027972",
        "OP_TYPE": "CONSTRUCTION CONTRACT",
        "ORG_CODE": "7FCB",
        "STATUS": "ACTIVE",
        "WEEKEND": "BOTH",
        "AADT": 37154,
        "NHS": "NHS",
        "ROADWAY_TYPE": "5 LANE SECTION",
        "DIVIDED_UNDIVIDED": "UNDIVIDED",
        "BEG_REF_PT": ".013 mile(s) before CRD MASON LN S",
        "END_REF_PT": ".012 mile(s) after CRD BARRETT STATION RD S",
        "LEVEL_OF_IMPACT": "EXPECT DELAYS",
        "JOB_NUMBER": "6P3274",
        "SPEED_LIMIT": "35",
        "PRIMARY_INDICATOR": "Y",
        "ACTIVATION_DATE": "04-MAY-26",
        "DEACTIVATION_DATE": null,
        "LAST_CHANGED_DATE": "05/27/2026",
        "EXTERNAL_COMMENT": " ",
        "OPPOSING_TI_WZ_ID": 550719,
        "ESRI_OID": 223,
        "layerId": 26,
        "layerName": "Work Zone High Point",
        "severity": "high"
      }
    },
    {
      "type": "Feature",
      "id": 227,
      "geometry": {
        "type": "Point",
        "coordinates": [
          -90.18840166199999,
          38.767479955000056
        ]
      },
      "properties": {
        "OBJECTID": 265832894,
        "TI_OSOW_ID": null,
        "TI_WZ_ID": 529254,
        "LAST_CHANGED_USER": "CONNEJ1",
        "COUNTY_NAME": "ST. LOUIS",
        "DISTRICT_NUMBER": 5,
        "TRAVELWAY_ID": 6135,
        "DESIGNATION": "IS",
        "TRAVELWAY_NAME": "270",
        "DIRECTION": "E",
        "TW_CONTINUOUS_BEG_LOG": 34.3549995,
        "TW_COUNTY_BEG_LOG": 0,
        "TW_CONTINUOUS_END_LOG": 35.3320007,
        "TW_COUNTY_END_LOG": 0,
        "STATUS_DATE": null,
        "START_DATE": "10-MAR-2025",
        "END_DATE": "31-DEC-2026",
        "START_TIME": "12:00 AM",
        "END_TIME": "12:00 AM",
        "WORK_TYPE": "NEW PAVEMENT CONSTRUCTION",
        "NUMBER_LANES_CLOSED": "0",
        "PROJECT_INSPECTOR": "Dan arnold",
        "MODOT_USERID": "ARNOLD1 (DANIEL ARNOLD)",
        "MODOT_PHONE": "3142206645",
        "COMPANY_CONTACT": "Brian Shaffer",
        "COMPANY_WORKING": "Millstone Weber",
        "COMPANY_PHONE": "3142859190",
        "OP_TYPE": "CONSTRUCTION CONTRACT",
        "ORG_CODE": "7FCA",
        "STATUS": "ACTIVE",
        "WEEKEND": "BOTH",
        "AADT": 24630,
        "NHS": "NHS",
        "ROADWAY_TYPE": "FREEWAY",
        "DIVIDED_UNDIVIDED": "DIVIDED",
        "BEG_REF_PT": ".121 mile(s) after RP LILAC AVE TO IS270E E",
        "END_REF_PT": ".024 mile(s) after RP RIVERVIEW DR TO IS270E E",
        "LEVEL_OF_IMPACT": "EXPECT DELAYS",
        "JOB_NUMBER": "j6i3020C",
        "SPEED_LIMIT": "50",
        "PRIMARY_INDICATOR": "Y",
        "ACTIVATION_DATE": "10-MAR-25",
        "DEACTIVATION_DATE": null,
        "LAST_CHANGED_DATE": "03/12/2025",
        "EXTERNAL_COMMENT": " ",
        "OPPOSING_TI_WZ_ID": 529255,
        "ESRI_OID": 227,
        "layerId": 26,
        "layerName": "Work Zone High Point",
        "severity": "high"
      }
    },
    {
      "type": "Feature",
      "id": 228,
      "geometry": {
        "type": "Point",
        "coordinates": [
          -90.18833796499996,
          38.76784710700008
        ]
      },
      "properties": {
        "OBJECTID": 265832898,
        "TI_OSOW_ID": null,
        "TI_WZ_ID": 529255,
        "LAST_CHANGED_USER": "CONNEJ1",
        "COUNTY_NAME": "ST. LOUIS CITY",
        "DISTRICT_NUMBER": 5,
        "TRAVELWAY_ID": 6136,
        "DESIGNATION": "IS",
        "TRAVELWAY_NAME": "270",
        "DIRECTION": "W",
        "TW_CONTINUOUS_BEG_LOG": 0.423000008,
        "TW_COUNTY_BEG_LOG": 0,
        "TW_CONTINUOUS_END_LOG": 1.40799999,
        "TW_COUNTY_END_LOG": 0,
        "STATUS_DATE": null,
        "START_DATE": "10-MAR-2025",
        "END_DATE": "31-DEC-2026",
        "START_TIME": "12:00 AM",
        "END_TIME": "12:00 AM",
        "WORK_TYPE": "NEW PAVEMENT CONSTRUCTION",
        "NUMBER_LANES_CLOSED": "0",
        "PROJECT_INSPECTOR": "Dan arnold",
        "MODOT_USERID": "ARNOLD1 (DANIEL ARNOLD)",
        "MODOT_PHONE": "3142206645",
        "COMPANY_CONTACT": "Brian Shaffer",
        "COMPANY_WORKING": "Millstone Weber",
        "COMPANY_PHONE": "3142859190",
        "OP_TYPE": "CONSTRUCTION CONTRACT",
        "ORG_CODE": "7FCA",
        "STATUS": "ACTIVE",
        "WEEKEND": "BOTH",
        "AADT": 23218,
        "NHS": "NHS",
        "ROADWAY_TYPE": "FREEWAY",
        "DIVIDED_UNDIVIDED": "DIVIDED",
        "BEG_REF_PT": ".022 mile(s) before RP IS270W TO RIVERVIEW DR W",
        "END_REF_PT": ".069 mile(s) before RP IS270W TO LILAC AVE W",
        "LEVEL_OF_IMPACT": "EXPECT DELAYS",
        "JOB_NUMBER": "j6i3020C",
        "SPEED_LIMIT": "50",
        "PRIMARY_INDICATOR": "Y",
        "ACTIVATION_DATE": "10-MAR-25",
        "DEACTIVATION_DATE": null,
        "LAST_CHANGED_DATE": "03/12/2025",
        "EXTERNAL_COMMENT": " ",
        "OPPOSING_TI_WZ_ID": 529254,
        "ESRI_OID": 228,
        "layerId": 26,
        "layerName": "Work Zone High Point",
        "severity": "high"
      }
    },
    {
      "type": "Feature",
      "id": 10,
      "geometry": {
        "type": "Point",
        "coordinates": [
          -90.36801107899998,
          38.51574827200005
        ]
      },
      "properties": {
        "OBJECTID": 268192305,
        "TI_OSOW_ID": null,
        "TI_WZ_ID": 555070,
        "LAST_CHANGED_USER": "CONNEJ1",
        "COUNTY_NAME": "ST. LOUIS",
        "DISTRICT_NUMBER": 5,
        "TRAVELWAY_ID": 16,
        "DESIGNATION": "MO",
        "TRAVELWAY_NAME": "21",
        "DIRECTION": "S",
        "TW_CONTINUOUS_BEG_LOG": 3.30900002,
        "TW_COUNTY_BEG_LOG": 0,
        "TW_CONTINUOUS_END_LOG": 3.40199995,
        "TW_COUNTY_END_LOG": 0,
        "STATUS_DATE": null,
        "START_DATE": "20-JUL-2026",
        "END_DATE": "24-AUG-2026",
        "START_TIME": "09:00 AM",
        "END_TIME": "03:30 PM",
        "WORK_TYPE": "PERMIT OR UTILITY WORK",
        "NUMBER_LANES_CLOSED": "1",
        "PROJECT_INSPECTOR": "Jeff Krumm",
        "MODOT_USERID": "KRUMMJ1 (JEFFREY KRUMM)",
        "MODOT_PHONE": "3143438397",
        "COMPANY_CONTACT": "Michael Rebbe",
        "COMPANY_WORKING": "Fred M Luth and Sons, Inc.",
        "COMPANY_PHONE": "3147739964",
        "OP_TYPE": "PERMIT",
        "ORG_CODE": "7FTE",
        "STATUS": "ACTIVE",
        "WEEKEND": "NONE",
        "AADT": 23022,
        "NHS": "NHS",
        "ROADWAY_TYPE": "5 LANE SECTION",
        "DIVIDED_UNDIVIDED": "UNDIVIDED",
        "BEG_REF_PT": ".044 mile(s) before CRD GERALD DR E",
        "END_REF_PT": ".008 mile(s) after CRD CAROLYNNE DR E",
        "LEVEL_OF_IMPACT": "POSSIBLE DELAYS",
        "JOB_NUMBER": "SL-25-112046",
        "SPEED_LIMIT": "NONE",
        "PRIMARY_INDICATOR": "Y",
        "ACTIVATION_DATE": "17-JUL-26",
        "DEACTIVATION_DATE": null,
        "LAST_CHANGED_DATE": "08/18/2026",
        "EXTERNAL_COMMENT": " ",
        "OPPOSING_TI_WZ_ID": 555069,
        "ESRI_OID": 10,
        "layerId": 27,
        "layerName": "Work Zone Medium Point",
        "severity": "medium"
      }
    },
    {
      "type": "Feature",
      "id": 15,
      "geometry": {
        "type": "Point",
        "coordinates": [
          -90.22417668699995,
          38.86012995100003
        ]
      },
      "properties": {
        "OBJECTID": 268187897,
        "TI_OSOW_ID": 347335,
        "TI_WZ_ID": 555037,
        "LAST_CHANGED_USER": "CONNEJ1",
        "COUNTY_NAME": "ST. CHARLES",
        "DISTRICT_NUMBER": 5,
        "TRAVELWAY_ID": 14,
        "DESIGNATION": "US",
        "TRAVELWAY_NAME": "67",
        "DIRECTION": "N",
        "TW_CONTINUOUS_BEG_LOG": 193.824005,
        "TW_COUNTY_BEG_LOG": 0,
        "TW_CONTINUOUS_END_LOG": 196.235001,
        "TW_COUNTY_END_LOG": 0,
        "STATUS_DATE": null,
        "START_DATE": "07-JUL-2026",
        "END_DATE": "01-AUG-2028",
        "START_TIME": "06:00 AM",
        "END_TIME": "06:00 AM",
        "WORK_TYPE": "NEW PAVEMENT CONSTRUCTION",
        "NUMBER_LANES_CLOSED": "1",
        "PROJECT_INSPECTOR": "D. Scott Middleton",
        "MODOT_USERID": "MIDDLD1 (DONALD MIDDLETON)",
        "MODOT_PHONE": "3147240674",
        "COMPANY_CONTACT": "Josh Hansen",
        "COMPANY_WORKING": "KCI",
        "COMPANY_PHONE": "3143127094",
        "OP_TYPE": "CONSTRUCTION CONTRACT",
        "ORG_CODE": "7FCA",
        "STATUS": "ACTIVE",
        "WEEKEND": "BOTH",
        "AADT": 11546,
        "NHS": "NHS",
        "ROADWAY_TYPE": "EXPRESSWAY",
        "DIVIDED_UNDIVIDED": "DIVIDED",
        "BEG_REF_PT": ".139 mile(s) after CST LEWIS & CLARK BLVD N",
        "END_REF_PT": ".685 mile(s) before CO US67S TO US67N N",
        "LEVEL_OF_IMPACT": "POSSIBLE DELAYS",
        "JOB_NUMBER": "6P3636",
        "SPEED_LIMIT": "40",
        "PRIMARY_INDICATOR": "Y",
        "ACTIVATION_DATE": "16-JUL-26",
        "DEACTIVATION_DATE": null,
        "LAST_CHANGED_DATE": "07/21/2026",
        "EXTERNAL_COMMENT": " ",
        "OPPOSING_TI_WZ_ID": 555038,
        "ESRI_OID": 15,
        "layerId": 27,
        "layerName": "Work Zone Medium Point",
        "severity": "medium"
      }
    },
    {
      "type": "Feature",
      "id": 18,
      "geometry": {
        "type": "Point",
        "coordinates": [
          -90.22465409999995,
          38.86047141600005
        ]
      },
      "properties": {
        "OBJECTID": 268187900,
        "TI_OSOW_ID": 347343,
        "TI_WZ_ID": 555038,
        "LAST_CHANGED_USER": "CONNEJ1",
        "COUNTY_NAME": "ST. CHARLES",
        "DISTRICT_NUMBER": 5,
        "TRAVELWAY_ID": 15,
        "DESIGNATION": "US",
        "TRAVELWAY_NAME": "67",
        "DIRECTION": "S",
        "TW_CONTINUOUS_BEG_LOG": 1.57099998,
        "TW_COUNTY_BEG_LOG": 0,
        "TW_CONTINUOUS_END_LOG": 4.00899982,
        "TW_COUNTY_END_LOG": 0,
        "STATUS_DATE": null,
        "START_DATE": "07-JUL-2026",
        "END_DATE": "01-AUG-2028",
        "START_TIME": "06:00 AM",
        "END_TIME": "06:00 AM",
        "WORK_TYPE": "NEW PAVEMENT CONSTRUCTION",
        "NUMBER_LANES_CLOSED": "1",
        "PROJECT_INSPECTOR": "D. Scott Middleton",
        "MODOT_USERID": "MIDDLD1 (DONALD MIDDLETON)",
        "MODOT_PHONE": "3147240674",
        "COMPANY_CONTACT": "Josh Hansen",
        "COMPANY_WORKING": "KCI",
        "COMPANY_PHONE": "3143127094",
        "OP_TYPE": "CONSTRUCTION CONTRACT",
        "ORG_CODE": "7FCA",
        "STATUS": "ACTIVE",
        "WEEKEND": "BOTH",
        "AADT": 13689,
        "NHS": "NHS",
        "ROADWAY_TYPE": "EXPRESSWAY",
        "DIVIDED_UNDIVIDED": "DIVIDED",
        "BEG_REF_PT": ".17 mile(s) before PVT MACHENS CLUB DR S",
        "END_REF_PT": ".153 mile(s) before CST LEWIS & CLARK BLVD S",
        "LEVEL_OF_IMPACT": "POSSIBLE DELAYS",
        "JOB_NUMBER": "6P3636",
        "SPEED_LIMIT": "40",
        "PRIMARY_INDICATOR": "Y",
        "ACTIVATION_DATE": "16-JUL-26",
        "DEACTIVATION_DATE": null,
        "LAST_CHANGED_DATE": "07/21/2026",
        "EXTERNAL_COMMENT": " ",
        "OPPOSING_TI_WZ_ID": 555037,
        "ESRI_OID": 18,
        "layerId": 27,
        "layerName": "Work Zone Medium Point",
        "severity": "medium"
      }
    },
    {
      "type": "Feature",
      "id": 27,
      "geometry": {
        "type": "Point",
        "coordinates": [
          -90.47524891299997,
          38.80404569600006
        ]
      },
      "properties": {
        "OBJECTID": 266448987,
        "TI_OSOW_ID": null,
        "TI_WZ_ID": 551687,
        "LAST_CHANGED_USER": "KRAUSM2",
        "COUNTY_NAME": "ST. CHARLES",
        "DISTRICT_NUMBER": 5,
        "TRAVELWAY_ID": 7756,
        "DESIGNATION": "MO",
        "TRAVELWAY_NAME": "94",
        "DIRECTION": "E",
        "TW_CONTINUOUS_BEG_LOG": 113.959,
        "TW_COUNTY_BEG_LOG": 0,
        "TW_CONTINUOUS_END_LOG": 114.133003,
        "TW_COUNTY_END_LOG": 0,
        "STATUS_DATE": null,
        "START_DATE": "19-MAY-2026",
        "END_DATE": "31-DEC-2027",
        "START_TIME": "12:00 AM",
        "END_TIME": "12:00 AM",
        "WORK_TYPE": "BRIDGE MAINTENANCE",
        "NUMBER_LANES_CLOSED": "0",
        "PROJECT_INSPECTOR": "mike kraus",
        "MODOT_USERID": "KRAUSM2 (MICHAEL KRAUS)",
        "MODOT_PHONE": "5732016253",
        "COMPANY_CONTACT": "MARK HARTMAN",
        "COMPANY_WORKING": "MILLSTONE WEBER",
        "COMPANY_PHONE": "3147134064",
        "OP_TYPE": "CONSTRUCTION CONTRACT",
        "ORG_CODE": "FCG",
        "STATUS": "ACTIVE",
        "WEEKEND": "BOTH",
        "AADT": 6488,
        "NHS": "NHS",
        "ROADWAY_TYPE": "TWO-LANE",
        "DIVIDED_UNDIVIDED": "UNDIVIDED",
        "BEG_REF_PT": ".001 mile(s) after CST 3RD ST S",
        "END_REF_PT": ".001 mile(s) after RP MO94 TO MO370W W",
        "LEVEL_OF_IMPACT": "POSSIBLE DELAYS",
        "JOB_NUMBER": "J6P3554",
        "SPEED_LIMIT": "30",
        "PRIMARY_INDICATOR": "Y",
        "ACTIVATION_DATE": "19-MAY-26",
        "DEACTIVATION_DATE": null,
        "LAST_CHANGED_DATE": "07/29/2026",
        "EXTERNAL_COMMENT": " ",
        "OPPOSING_TI_WZ_ID": 551686,
        "ESRI_OID": 27,
        "layerId": 27,
        "layerName": "Work Zone Medium Point",
        "severity": "medium"
      }
    },
    {
      "type": "Feature",
      "id": 28,
      "geometry": {
        "type": "Point",
        "coordinates": [
          -90.35374862299994,
          38.480942395000056
        ]
      },
      "properties": {
        "OBJECTID": 267886791,
        "TI_OSOW_ID": null,
        "TI_WZ_ID": 547882,
        "LAST_CHANGED_USER": "CONNEJ1",
        "COUNTY_NAME": "ST. LOUIS",
        "DISTRICT_NUMBER": 5,
        "TRAVELWAY_ID": 11,
        "DESIGNATION": "US",
        "TRAVELWAY_NAME": "61",
        "DIRECTION": "S",
        "TW_CONTINUOUS_BEG_LOG": 176.481003,
        "TW_COUNTY_BEG_LOG": 0,
        "TW_CONTINUOUS_END_LOG": 180.565002,
        "TW_COUNTY_END_LOG": 0,
        "STATUS_DATE": null,
        "START_DATE": "17-MAR-2026",
        "END_DATE": "31-DEC-2026",
        "START_TIME": "07:00 AM",
        "END_TIME": "03:00 PM",
        "WORK_TYPE": "BRIDGE MAINTENANCE",
        "NUMBER_LANES_CLOSED": "1",
        "PROJECT_INSPECTOR": "KEVIN LEFTRIDGE",
        "MODOT_USERID": "KRAUSM2 (MICHAEL KRAUS)",
        "MODOT_PHONE": "3148820165",
        "COMPANY_CONTACT": "BILLY WISKIRCHEN",
        "COMPANY_WORKING": "NB WEST",
        "COMPANY_PHONE": "3144780420",
        "OP_TYPE": "CONSTRUCTION CONTRACT",
        "ORG_CODE": "FCB",
        "STATUS": "ACTIVE",
        "WEEKEND": "NONE",
        "AADT": 17160,
        "NHS": "NHS",
        "ROADWAY_TYPE": "MULTI-LANE",
        "DIVIDED_UNDIVIDED": "UNDIVIDED",
        "BEG_REF_PT": ".008 mile(s) before RP IS255S TO US67 S",
        "END_REF_PT": ".005 mile(s) before CST STARLING AIRPORT RD S",
        "LEVEL_OF_IMPACT": "POSSIBLE DELAYS",
        "JOB_NUMBER": "J6S3578",
        "SPEED_LIMIT": "45",
        "PRIMARY_INDICATOR": "Y",
        "ACTIVATION_DATE": "17-MAR-26",
        "DEACTIVATION_DATE": null,
        "LAST_CHANGED_DATE": "03/18/2026",
        "EXTERNAL_COMMENT": " ",
        "OPPOSING_TI_WZ_ID": 547883,
        "ESRI_OID": 28,
        "layerId": 27,
        "layerName": "Work Zone Medium Point",
        "severity": "medium"
      }
    },
    {
      "type": "Feature",
      "id": 36,
      "geometry": {
        "type": "Point",
        "coordinates": [
          -90.33037956799996,
          38.502595074000055
        ]
      },
      "properties": {
        "OBJECTID": 267886811,
        "TI_OSOW_ID": null,
        "TI_WZ_ID": 547885,
        "LAST_CHANGED_USER": "CONNEJ1",
        "COUNTY_NAME": "ST. LOUIS",
        "DISTRICT_NUMBER": 5,
        "TRAVELWAY_ID": 11,
        "DESIGNATION": "US",
        "TRAVELWAY_NAME": "61",
        "DIRECTION": "S",
        "TW_CONTINUOUS_BEG_LOG": 176.110001,
        "TW_COUNTY_BEG_LOG": 0,
        "TW_CONTINUOUS_END_LOG": 176.774994,
        "TW_COUNTY_END_LOG": 0,
        "STATUS_DATE": null,
        "START_DATE": "17-MAR-2026",
        "END_DATE": "31-DEC-2026",
        "START_TIME": "07:00 PM",
        "END_TIME": "06:00 AM",
        "WORK_TYPE": "RESURFACING PAVEMENT",
        "NUMBER_LANES_CLOSED": "1",
        "PROJECT_INSPECTOR": "KEVIN LEFTRIDGE",
        "MODOT_USERID": "KRAUSM2 (MICHAEL KRAUS)",
        "MODOT_PHONE": "3148820165",
        "COMPANY_CONTACT": "BILLY WISKIRCHEN",
        "COMPANY_WORKING": "NB WEST",
        "COMPANY_PHONE": "3144780420",
        "OP_TYPE": "CONSTRUCTION CONTRACT",
        "ORG_CODE": "FCB",
        "STATUS": "ACTIVE",
        "WEEKEND": "NONE",
        "AADT": 17160,
        "NHS": "NHS",
        "ROADWAY_TYPE": "MULTI-LANE",
        "DIVIDED_UNDIVIDED": "UNDIVIDED",
        "BEG_REF_PT": "US 50 E",
        "END_REF_PT": ".002 mile(s) after CRD MEHL AVE S",
        "LEVEL_OF_IMPACT": "POSSIBLE DELAYS",
        "JOB_NUMBER": "J6S3578",
        "SPEED_LIMIT": "45",
        "PRIMARY_INDICATOR": "Y",
        "ACTIVATION_DATE": "17-MAR-26",
        "DEACTIVATION_DATE": null,
        "LAST_CHANGED_DATE": "03/18/2026",
        "EXTERNAL_COMMENT": " ",
        "OPPOSING_TI_WZ_ID": 547884,
        "ESRI_OID": 36,
        "layerId": 27,
        "layerName": "Work Zone Medium Point",
        "severity": "medium"
      }
    },
    {
      "type": "Feature",
      "id": 56,
      "geometry": {
        "type": "Point",
        "coordinates": [
          -90.36414884599998,
          38.54182078500003
        ]
      },
      "properties": {
        "OBJECTID": 268652594,
        "TI_OSOW_ID": null,
        "TI_WZ_ID": 556931,
        "LAST_CHANGED_USER": "CONNEJ1",
        "COUNTY_NAME": "ST. LOUIS",
        "DISTRICT_NUMBER": 5,
        "TRAVELWAY_ID": 6370,
        "DESIGNATION": "MO",
        "TRAVELWAY_NAME": "30",
        "DIRECTION": "E",
        "TW_CONTINUOUS_BEG_LOG": 41.0800018,
        "TW_COUNTY_BEG_LOG": 0,
        "TW_CONTINUOUS_END_LOG": 45.0789986,
        "TW_COUNTY_END_LOG": 0,
        "STATUS_DATE": null,
        "START_DATE": "18-AUG-2026",
        "END_DATE": "31-AUG-2026",
        "START_TIME": "07:00 AM",
        "END_TIME": "03:00 PM",
        "WORK_TYPE": "PAVEMENT MARKING",
        "NUMBER_LANES_CLOSED": "0",
        "PROJECT_INSPECTOR": "Cynthia Claspille",
        "MODOT_USERID": "CLASPC1 (CYNTHIA CLASPILLE)",
        "MODOT_PHONE": "3147896274",
        "COMPANY_CONTACT": "RoBBY BOND",
        "COMPANY_WORKING": "NB West",
        "COMPANY_PHONE": "6362887079",
        "OP_TYPE": "CONSTRUCTION CONTRACT",
        "ORG_CODE": "7FCB",
        "STATUS": "ACTIVE",
        "WEEKEND": "NONE",
        "AADT": 13406,
        "NHS": "NHS",
        "ROADWAY_TYPE": "EXPRESSWAY",
        "DIVIDED_UNDIVIDED": "DIVIDED",
        "BEG_REF_PT": ".035 mile(s) after CST BRIDLE TRAIL LN S",
        "END_REF_PT": ".017 mile(s) after CRD NEW HAMPSHIRE AVE S",
        "LEVEL_OF_IMPACT": "POSSIBLE DELAYS",
        "JOB_NUMBER": "SL0081",
        "SPEED_LIMIT": "40",
        "PRIMARY_INDICATOR": "Y",
        "ACTIVATION_DATE": "18-AUG-26",
        "DEACTIVATION_DATE": null,
        "LAST_CHANGED_DATE": "08/19/2026",
        "EXTERNAL_COMMENT": " ",
        "OPPOSING_TI_WZ_ID": 556932,
        "ESRI_OID": 56,
        "layerId": 27,
        "layerName": "Work Zone Medium Point",
        "severity": "medium"
      }
    },
    {
      "type": "Feature",
      "id": 57,
      "geometry": {
        "type": "Point",
        "coordinates": [
          -90.25254087699994,
          38.627596793000066
        ]
      },
      "properties": {
        "OBJECTID": 267886557,
        "TI_OSOW_ID": 341090,
        "TI_WZ_ID": 539270,
        "LAST_CHANGED_USER": "KRAUSM2",
        "COUNTY_NAME": "ST. LOUIS",
        "DISTRICT_NUMBER": 5,
        "TRAVELWAY_ID": 6368,
        "DESIGNATION": "MO",
        "TRAVELWAY_NAME": "100",
        "DIRECTION": "E",
        "TW_CONTINUOUS_BEG_LOG": 114.375,
        "TW_COUNTY_BEG_LOG": 0,
        "TW_CONTINUOUS_END_LOG": 121.125999,
        "TW_COUNTY_END_LOG": 0,
        "STATUS_DATE": null,
        "START_DATE": "25-AUG-2025",
        "END_DATE": "31-DEC-2026",
        "START_TIME": "05:00 AM",
        "END_TIME": "09:00 PM",
        "WORK_TYPE": "PAVEMENT REPAIR",
        "NUMBER_LANES_CLOSED": "1",
        "PROJECT_INSPECTOR": "TRAVIS ROGERS",
        "MODOT_USERID": "KRAUSM2 (MICHAEL KRAUS)",
        "MODOT_PHONE": "6366969580",
        "COMPANY_CONTACT": "ZACH BEAVER",
        "COMPANY_WORKING": "BYRNE AND JONES",
        "COMPANY_PHONE": "3142829151",
        "OP_TYPE": "CONSTRUCTION CONTRACT",
        "ORG_CODE": "FCE",
        "STATUS": "ACTIVE",
        "WEEKEND": "BOTH",
        "AADT": 5630,
        "NHS": "NOS",
        "ROADWAY_TYPE": "MULTI-LANE",
        "DIVIDED_UNDIVIDED": "UNDIVIDED",
        "BEG_REF_PT": ".002 mile(s) after CST YALE AVE S",
        "END_REF_PT": ".003 mile(s) before IS 55 S",
        "LEVEL_OF_IMPACT": "POSSIBLE DELAYS",
        "JOB_NUMBER": "jsl0073",
        "SPEED_LIMIT": "40",
        "PRIMARY_INDICATOR": "Y",
        "ACTIVATION_DATE": "22-AUG-25",
        "DEACTIVATION_DATE": null,
        "LAST_CHANGED_DATE": "07/29/2026",
        "EXTERNAL_COMMENT": " ",
        "OPPOSING_TI_WZ_ID": 539271,
        "ESRI_OID": 57,
        "layerId": 27,
        "layerName": "Work Zone Medium Point",
        "severity": "medium"
      }
    },
    {
      "type": "Feature",
      "id": 60,
      "geometry": {
        "type": "Point",
        "coordinates": [
          -90.27721693099994,
          38.52692327700004
        ]
      },
      "properties": {
        "OBJECTID": 266543641,
        "TI_OSOW_ID": null,
        "TI_WZ_ID": 547276,
        "LAST_CHANGED_USER": "COLEMP1",
        "COUNTY_NAME": "ST. LOUIS",
        "DISTRICT_NUMBER": 5,
        "TRAVELWAY_ID": 6256,
        "DESIGNATION": "MO",
        "TRAVELWAY_NAME": "231",
        "DIRECTION": "S",
        "TW_CONTINUOUS_BEG_LOG": 0,
        "TW_COUNTY_BEG_LOG": 0,
        "TW_CONTINUOUS_END_LOG": 1.88600004,
        "TW_COUNTY_END_LOG": 0,
        "STATUS_DATE": null,
        "START_DATE": "16-MAR-2026",
        "END_DATE": "31-AUG-2026",
        "START_TIME": "06:00 AM",
        "END_TIME": "03:00 PM",
        "WORK_TYPE": "SIDEWALK/ADA IMPROVEMENTS",
        "NUMBER_LANES_CLOSED": "0",
        "PROJECT_INSPECTOR": "joshua Diebold",
        "MODOT_USERID": "DIEBOJ1 (JOSHUA DIEBOLD)",
        "MODOT_PHONE": "3149716244",
        "COMPANY_CONTACT": "MODOT",
        "COMPANY_WORKING": "MODOT",
        "COMPANY_PHONE": "3149716244",
        "OP_TYPE": "CONSTRUCTION CONTRACT",
        "ORG_CODE": "7FCB",
        "STATUS": "ACTIVE",
        "WEEKEND": "NONE",
        "AADT": 14218,
        "NHS": "COL",
        "ROADWAY_TYPE": "TWO-LANE",
        "DIVIDED_UNDIVIDED": "UNDIVIDED",
        "BEG_REF_PT": "CST BROADWAY ST S",
        "END_REF_PT": ".001 mile(s) before CRD SOUTHWARK LN E",
        "LEVEL_OF_IMPACT": "POSSIBLE DELAYS",
        "JOB_NUMBER": "j6S3631",
        "SPEED_LIMIT": "30",
        "PRIMARY_INDICATOR": "Y",
        "ACTIVATION_DATE": "03-MAR-26",
        "DEACTIVATION_DATE": null,
        "LAST_CHANGED_DATE": "06/19/2026",
        "EXTERNAL_COMMENT": " ",
        "OPPOSING_TI_WZ_ID": 547275,
        "ESRI_OID": 60,
        "layerId": 27,
        "layerName": "Work Zone Medium Point",
        "severity": "medium"
      }
    },
    {
      "type": "Feature",
      "id": 74,
      "geometry": {
        "type": "Point",
        "coordinates": [
          -90.30607630099996,
          38.46062744000005
        ]
      },
      "properties": {
        "OBJECTID": 268161759,
        "TI_OSOW_ID": null,
        "TI_WZ_ID": 554883,
        "LAST_CHANGED_USER": "COLEMP1",
        "COUNTY_NAME": "ST. LOUIS",
        "DISTRICT_NUMBER": 5,
        "TRAVELWAY_ID": 6256,
        "DESIGNATION": "MO",
        "TRAVELWAY_NAME": "231",
        "DIRECTION": "S",
        "TW_CONTINUOUS_BEG_LOG": 5.34899998,
        "TW_COUNTY_BEG_LOG": 0,
        "TW_CONTINUOUS_END_LOG": 6.6960001,
        "TW_COUNTY_END_LOG": 0,
        "STATUS_DATE": null,
        "START_DATE": "20-APR-2026",
        "END_DATE": "31-AUG-2026",
        "START_TIME": "06:30 AM",
        "END_TIME": "03:00 PM",
        "WORK_TYPE": "SIDEWALK/ADA IMPROVEMENTS",
        "NUMBER_LANES_CLOSED": "1",
        "PROJECT_INSPECTOR": "jOSH SCHIRMER",
        "MODOT_USERID": "SCHIRJ1 (JOSHUA SCHIRMER-GRUSKA)",
        "MODOT_PHONE": "3143436367",
        "COMPANY_CONTACT": "jUSTIN rOGERS",
        "COMPANY_WORKING": "pACE cONSTRUCTION",
        "COMPANY_PHONE": "3142197334",
        "OP_TYPE": "CONSTRUCTION CONTRACT",
        "ORG_CODE": "7FCB",
        "STATUS": "ACTIVE",
        "WEEKEND": "NONE",
        "AADT": 41420,
        "NHS": "NHS",
        "ROADWAY_TYPE": "5 LANE SECTION",
        "DIVIDED_UNDIVIDED": "UNDIVIDED",
        "BEG_REF_PT": ".001 mile(s) before CRD BAUMGARTNER RD E",
        "END_REF_PT": ".011 mile(s) after CRD CHRISTOPHER DR S",
        "LEVEL_OF_IMPACT": "POSSIBLE DELAYS",
        "JOB_NUMBER": "6S3632",
        "SPEED_LIMIT": "40",
        "PRIMARY_INDICATOR": "Y",
        "ACTIVATION_DATE": "14-JUL-26",
        "DEACTIVATION_DATE": null,
        "LAST_CHANGED_DATE": "07/14/2026",
        "EXTERNAL_COMMENT": " ",
        "OPPOSING_TI_WZ_ID": 549222,
        "ESRI_OID": 74,
        "layerId": 27,
        "layerName": "Work Zone Medium Point",
        "severity": "medium"
      }
    },
    {
      "type": "Feature",
      "id": 81,
      "geometry": {
        "type": "Point",
        "coordinates": [
          -90.46562731299997,
          38.79754977400006
        ]
      },
      "properties": {
        "OBJECTID": 268506016,
        "TI_OSOW_ID": 347619,
        "TI_WZ_ID": 556489,
        "LAST_CHANGED_USER": "CONNEJ1",
        "COUNTY_NAME": "ST. LOUIS",
        "DISTRICT_NUMBER": 5,
        "TRAVELWAY_ID": 6162,
        "DESIGNATION": "MO",
        "TRAVELWAY_NAME": "370",
        "DIRECTION": "W",
        "TW_CONTINUOUS_BEG_LOG": 3.41499996,
        "TW_COUNTY_BEG_LOG": 0,
        "TW_CONTINUOUS_END_LOG": 5.07499981,
        "TW_COUNTY_END_LOG": 0,
        "STATUS_DATE": null,
        "START_DATE": "17-AUG-2026",
        "END_DATE": "22-AUG-2026",
        "START_TIME": "07:00 PM",
        "END_TIME": "05:30 AM",
        "WORK_TYPE": "BRIDGE DECK SEALING",
        "NUMBER_LANES_CLOSED": "2",
        "PROJECT_INSPECTOR": "JEFF ABEL",
        "MODOT_USERID": "KRAUSM2 (MICHAEL KRAUS)",
        "MODOT_PHONE": "6182358167",
        "COMPANY_CONTACT": "MARK HARTMAN",
        "COMPANY_WORKING": "MILLSTONE WEBER",
        "COMPANY_PHONE": "3147134064",
        "OP_TYPE": "CONSTRUCTION CONTRACT",
        "ORG_CODE": "FCG",
        "STATUS": "ACTIVE",
        "WEEKEND": "SATURDAY",
        "AADT": 23735,
        "NHS": "NHS",
        "ROADWAY_TYPE": "FREEWAY",
        "DIVIDED_UNDIVIDED": "DIVIDED",
        "BEG_REF_PT": ".002 mile(s) before MO 141 S",
        "END_REF_PT": ".104 mile(s) before RP MO94 TO MO370W W",
        "LEVEL_OF_IMPACT": "POSSIBLE DELAYS",
        "JOB_NUMBER": "jsl0248",
        "SPEED_LIMIT": "50",
        "PRIMARY_INDICATOR": "Y",
        "ACTIVATION_DATE": "11-AUG-26",
        "DEACTIVATION_DATE": null,
        "LAST_CHANGED_DATE": "08/12/2026",
        "EXTERNAL_COMMENT": " ",
        "OPPOSING_TI_WZ_ID": 556490,
        "ESRI_OID": 81,
        "layerId": 27,
        "layerName": "Work Zone Medium Point",
        "severity": "medium"
      }
    },
    {
      "type": "Feature",
      "id": 82,
      "geometry": {
        "type": "Point",
        "coordinates": [
          -90.48532922199996,
          38.80936414300004
        ]
      },
      "properties": {
        "OBJECTID": 268506109,
        "TI_OSOW_ID": 347620,
        "TI_WZ_ID": 556490,
        "LAST_CHANGED_USER": "CONNEJ1",
        "COUNTY_NAME": "ST. CHARLES",
        "DISTRICT_NUMBER": 5,
        "TRAVELWAY_ID": 6161,
        "DESIGNATION": "MO",
        "TRAVELWAY_NAME": "370",
        "DIRECTION": "E",
        "TW_CONTINUOUS_BEG_LOG": 6.19000006,
        "TW_COUNTY_BEG_LOG": 0,
        "TW_CONTINUOUS_END_LOG": 8.20100021,
        "TW_COUNTY_END_LOG": 0,
        "STATUS_DATE": null,
        "START_DATE": "17-AUG-2026",
        "END_DATE": "22-AUG-2026",
        "START_TIME": "07:00 PM",
        "END_TIME": "05:30 AM",
        "WORK_TYPE": "BRIDGE DECK SEALING",
        "NUMBER_LANES_CLOSED": "2",
        "PROJECT_INSPECTOR": "JEFF ABEL",
        "MODOT_USERID": "KRAUSM2 (MICHAEL KRAUS)",
        "MODOT_PHONE": "6182358167",
        "COMPANY_CONTACT": "MARK HARTMAN",
        "COMPANY_WORKING": "MILLSTONE WEBER",
        "COMPANY_PHONE": "3147134064",
        "OP_TYPE": "CONSTRUCTION CONTRACT",
        "ORG_CODE": "FCG",
        "STATUS": "ACTIVE",
        "WEEKEND": "SATURDAY",
        "AADT": 18462,
        "NHS": "NHS",
        "ROADWAY_TYPE": "FREEWAY",
        "DIVIDED_UNDIVIDED": "DIVIDED",
        "BEG_REF_PT": ".42 mile(s) after CRD ELM POINT IND DR E",
        "END_REF_PT": ".02 mile(s) before BK KATY TRAIL E",
        "LEVEL_OF_IMPACT": "POSSIBLE DELAYS",
        "JOB_NUMBER": "jsl0248",
        "SPEED_LIMIT": "50",
        "PRIMARY_INDICATOR": "Y",
        "ACTIVATION_DATE": "11-AUG-26",
        "DEACTIVATION_DATE": null,
        "LAST_CHANGED_DATE": "08/12/2026",
        "EXTERNAL_COMMENT": " ",
        "OPPOSING_TI_WZ_ID": 556489,
        "ESRI_OID": 82,
        "layerId": 27,
        "layerName": "Work Zone Medium Point",
        "severity": "medium"
      }
    },
    {
      "type": "Feature",
      "id": 89,
      "geometry": {
        "type": "Point",
        "coordinates": [
          -90.25229441899995,
          38.62762801100007
        ]
      },
      "properties": {
        "OBJECTID": 268313825,
        "TI_OSOW_ID": null,
        "TI_WZ_ID": 555896,
        "LAST_CHANGED_USER": "CONNEJ1",
        "COUNTY_NAME": "ST. LOUIS",
        "DISTRICT_NUMBER": 5,
        "TRAVELWAY_ID": 6368,
        "DESIGNATION": "MO",
        "TRAVELWAY_NAME": "100",
        "DIRECTION": "E",
        "TW_CONTINUOUS_BEG_LOG": 114.379997,
        "TW_COUNTY_BEG_LOG": 0,
        "TW_CONTINUOUS_END_LOG": 121.148003,
        "TW_COUNTY_END_LOG": 0,
        "STATUS_DATE": null,
        "START_DATE": "03-AUG-2026",
        "END_DATE": "28-AUG-2026",
        "START_TIME": "06:00 PM",
        "END_TIME": "06:00 AM",
        "WORK_TYPE": "RESURFACING PAVEMENT",
        "NUMBER_LANES_CLOSED": "1",
        "PROJECT_INSPECTOR": "TRAVIS ROGERS",
        "MODOT_USERID": "KRAUSM2 (MICHAEL KRAUS)",
        "MODOT_PHONE": "6366969580",
        "COMPANY_CONTACT": "ZACH BEAVER",
        "COMPANY_WORKING": "BYRNE AND JONES",
        "COMPANY_PHONE": "3142829151",
        "OP_TYPE": "CONSTRUCTION CONTRACT",
        "ORG_CODE": "FCE",
        "STATUS": "ACTIVE",
        "WEEKEND": "NONE",
        "AADT": 5630,
        "NHS": "NOS",
        "ROADWAY_TYPE": "MULTI-LANE",
        "DIVIDED_UNDIVIDED": "UNDIVIDED",
        "BEG_REF_PT": ".007 mile(s) after CST YALE AVE S",
        "END_REF_PT": "IS 44 E",
        "LEVEL_OF_IMPACT": "POSSIBLE DELAYS",
        "JOB_NUMBER": "JSL0073",
        "SPEED_LIMIT": "45",
        "PRIMARY_INDICATOR": "Y",
        "ACTIVATION_DATE": "31-JUL-26",
        "DEACTIVATION_DATE": null,
        "LAST_CHANGED_DATE": "07/31/2026",
        "EXTERNAL_COMMENT": " ",
        "OPPOSING_TI_WZ_ID": 555897,
        "ESRI_OID": 89,
        "layerId": 27,
        "layerName": "Work Zone Medium Point",
        "severity": "medium"
      }
    },
    {
      "type": "Feature",
      "id": 129,
      "geometry": {
        "type": "Point",
        "coordinates": [
          -90.45796899699997,
          38.79300109600007
        ]
      },
      "properties": {
        "OBJECTID": 260065085,
        "TI_OSOW_ID": null,
        "TI_WZ_ID": 539576,
        "LAST_CHANGED_USER": "AMBURS1",
        "COUNTY_NAME": "ST. CHARLES",
        "DISTRICT_NUMBER": 5,
        "TRAVELWAY_ID": 6161,
        "DESIGNATION": "MO",
        "TRAVELWAY_NAME": "370",
        "DIRECTION": "E",
        "TW_CONTINUOUS_BEG_LOG": 5.76999998,
        "TW_COUNTY_BEG_LOG": 0,
        "TW_CONTINUOUS_END_LOG": 12.3439999,
        "TW_COUNTY_END_LOG": 0,
        "STATUS_DATE": null,
        "START_DATE": "08-SEP-2025",
        "END_DATE": "30-OCT-2026",
        "START_TIME": "06:00 PM",
        "END_TIME": "05:00 AM",
        "WORK_TYPE": "RESURFACING PAVEMENT",
        "NUMBER_LANES_CLOSED": "1",
        "PROJECT_INSPECTOR": "David Kuelker",
        "MODOT_USERID": "AMBURS1 (STEPHEN AMBURN)",
        "MODOT_PHONE": "3143709908",
        "COMPANY_CONTACT": "Henry Burkemper",
        "COMPANY_WORKING": "Magruder Paving",
        "COMPANY_PHONE": "5738734126",
        "OP_TYPE": "CONSTRUCTION CONTRACT",
        "ORG_CODE": "7FCG",
        "STATUS": "ACTIVE",
        "WEEKEND": "NONE",
        "AADT": 18462,
        "NHS": "NHS",
        "ROADWAY_TYPE": "FREEWAY",
        "DIVIDED_UNDIVIDED": "DIVIDED",
        "BEG_REF_PT": "CRD ELM POINT IND DR E",
        "END_REF_PT": ".001 mile(s) before RP MO370E TO IS270E E",
        "LEVEL_OF_IMPACT": "POSSIBLE DELAYS",
        "JOB_NUMBER": "J6P3649",
        "SPEED_LIMIT": "50",
        "PRIMARY_INDICATOR": "Y",
        "ACTIVATION_DATE": "28-AUG-25",
        "DEACTIVATION_DATE": null,
        "LAST_CHANGED_DATE": "08/12/2026",
        "EXTERNAL_COMMENT": " ",
        "OPPOSING_TI_WZ_ID": 539577,
        "ESRI_OID": 129,
        "layerId": 27,
        "layerName": "Work Zone Medium Point",
        "severity": "medium"
      }
    },
    {
      "type": "Feature",
      "id": 130,
      "geometry": {
        "type": "Point",
        "coordinates": [
          -90.45806045099994,
          38.79321328300006
        ]
      },
      "properties": {
        "OBJECTID": 260065088,
        "TI_OSOW_ID": null,
        "TI_WZ_ID": 539577,
        "LAST_CHANGED_USER": "AMBURS1",
        "COUNTY_NAME": "ST. LOUIS",
        "DISTRICT_NUMBER": 5,
        "TRAVELWAY_ID": 6162,
        "DESIGNATION": "MO",
        "TRAVELWAY_NAME": "370",
        "DIRECTION": "W",
        "TW_CONTINUOUS_BEG_LOG": 0.460000008,
        "TW_COUNTY_BEG_LOG": 0,
        "TW_CONTINUOUS_END_LOG": 7.01599979,
        "TW_COUNTY_END_LOG": 0,
        "STATUS_DATE": null,
        "START_DATE": "08-SEP-2025",
        "END_DATE": "30-OCT-2026",
        "START_TIME": "06:00 PM",
        "END_TIME": "05:00 AM",
        "WORK_TYPE": "RESURFACING PAVEMENT",
        "NUMBER_LANES_CLOSED": "1",
        "PROJECT_INSPECTOR": "David Kuelker",
        "MODOT_USERID": "AMBURS1 (STEPHEN AMBURN)",
        "MODOT_PHONE": "3143709908",
        "COMPANY_CONTACT": "Henry Burkemper",
        "COMPANY_WORKING": "Magruder Paving",
        "COMPANY_PHONE": "5738734126",
        "OP_TYPE": "CONSTRUCTION CONTRACT",
        "ORG_CODE": "7FCG",
        "STATUS": "ACTIVE",
        "WEEKEND": "NONE",
        "AADT": 15821,
        "NHS": "NHS",
        "ROADWAY_TYPE": "RAMP",
        "DIVIDED_UNDIVIDED": "DIVIDED",
        "BEG_REF_PT": ".149 mile(s) before RP IS270W TO MO370W W",
        "END_REF_PT": ".004 mile(s) after CRD ELM POINT IND DR E",
        "LEVEL_OF_IMPACT": "POSSIBLE DELAYS",
        "JOB_NUMBER": "J6P3649",
        "SPEED_LIMIT": "50",
        "PRIMARY_INDICATOR": "Y",
        "ACTIVATION_DATE": "28-AUG-25",
        "DEACTIVATION_DATE": null,
        "LAST_CHANGED_DATE": "08/12/2026",
        "EXTERNAL_COMMENT": " ",
        "OPPOSING_TI_WZ_ID": 539576,
        "ESRI_OID": 130,
        "layerId": 27,
        "layerName": "Work Zone Medium Point",
        "severity": "medium"
      }
    },
    {
      "type": "Feature",
      "id": 131,
      "geometry": {
        "type": "Point",
        "coordinates": [
          -90.62772881999996,
          38.800319079000076
        ]
      },
      "properties": {
        "OBJECTID": 268012121,
        "TI_OSOW_ID": 346680,
        "TI_WZ_ID": 553942,
        "LAST_CHANGED_USER": "CONNEJ1",
        "COUNTY_NAME": "ST. CHARLES",
        "DISTRICT_NUMBER": 5,
        "TRAVELWAY_ID": 3506,
        "DESIGNATION": "IS",
        "TRAVELWAY_NAME": "70",
        "DIRECTION": "W",
        "TW_CONTINUOUS_BEG_LOG": 20.4300003,
        "TW_COUNTY_BEG_LOG": 0,
        "TW_CONTINUOUS_END_LOG": 36.2210007,
        "TW_COUNTY_END_LOG": 0,
        "STATUS_DATE": null,
        "START_DATE": "29-JUN-2026",
        "END_DATE": "28-AUG-2026",
        "START_TIME": "09:00 PM",
        "END_TIME": "05:30 AM",
        "WORK_TYPE": "PAVEMENT REPAIR",
        "NUMBER_LANES_CLOSED": "2",
        "PROJECT_INSPECTOR": "toby durant",
        "MODOT_USERID": "KRAUSM2 (MICHAEL KRAUS)",
        "MODOT_PHONE": "5736824566",
        "COMPANY_CONTACT": "lucas ellis",
        "COMPANY_WORKING": "SWEETENS",
        "COMPANY_PHONE": "6362908386",
        "OP_TYPE": "CONSTRUCTION CONTRACT",
        "ORG_CODE": "FCB",
        "STATUS": "ACTIVE",
        "WEEKEND": "NONE",
        "AADT": 85207,
        "NHS": "NHS",
        "ROADWAY_TYPE": "FREEWAY",
        "DIVIDED_UNDIVIDED": "DIVIDED",
        "BEG_REF_PT": ".003 mile(s) before RP IS70W TO LP70E E",
        "END_REF_PT": ".004 mile(s) before RP LAKE ST LOUIS BLVD TO IS70W W",
        "LEVEL_OF_IMPACT": "POSSIBLE DELAYS",
        "JOB_NUMBER": "jsl0207",
        "SPEED_LIMIT": "60",
        "PRIMARY_INDICATOR": "Y",
        "ACTIVATION_DATE": "26-JUN-26",
        "DEACTIVATION_DATE": null,
        "LAST_CHANGED_DATE": "06/29/2026",
        "EXTERNAL_COMMENT": " ",
        "OPPOSING_TI_WZ_ID": 553943,
        "ESRI_OID": 131,
        "layerId": 27,
        "layerName": "Work Zone Medium Point",
        "severity": "medium"
      }
    },
    {
      "type": "Feature",
      "id": 132,
      "geometry": {
        "type": "Point",
        "coordinates": [
          -90.62778653899994,
          38.80013192200005
        ]
      },
      "properties": {
        "OBJECTID": 268012124,
        "TI_OSOW_ID": 346681,
        "TI_WZ_ID": 553943,
        "LAST_CHANGED_USER": "CONNEJ1",
        "COUNTY_NAME": "ST. CHARLES",
        "DISTRICT_NUMBER": 5,
        "TRAVELWAY_ID": 19,
        "DESIGNATION": "IS",
        "TRAVELWAY_NAME": "70",
        "DIRECTION": "E",
        "TW_CONTINUOUS_BEG_LOG": 213.904007,
        "TW_COUNTY_BEG_LOG": 0,
        "TW_CONTINUOUS_END_LOG": 229.697006,
        "TW_COUNTY_END_LOG": 0,
        "STATUS_DATE": null,
        "START_DATE": "29-JUN-2026",
        "END_DATE": "28-AUG-2026",
        "START_TIME": "09:00 PM",
        "END_TIME": "05:30 AM",
        "WORK_TYPE": "PAVEMENT REPAIR",
        "NUMBER_LANES_CLOSED": "2",
        "PROJECT_INSPECTOR": "toby durant",
        "MODOT_USERID": "KRAUSM2 (MICHAEL KRAUS)",
        "MODOT_PHONE": "5736824566",
        "COMPANY_CONTACT": "lucas ellis",
        "COMPANY_WORKING": "SWEETENS",
        "COMPANY_PHONE": "6362908386",
        "OP_TYPE": "CONSTRUCTION CONTRACT",
        "ORG_CODE": "FCB",
        "STATUS": "ACTIVE",
        "WEEKEND": "NONE",
        "AADT": 42974,
        "NHS": "NHS",
        "ROADWAY_TYPE": "FREEWAY",
        "DIVIDED_UNDIVIDED": "DIVIDED",
        "BEG_REF_PT": ".023 mile(s) after RP IS70E TO LAKE ST LOUIS BLVD E",
        "END_REF_PT": ".023 mile(s) after RP LP70E TO IS70E E",
        "LEVEL_OF_IMPACT": "POSSIBLE DELAYS",
        "JOB_NUMBER": "jsl0207",
        "SPEED_LIMIT": "60",
        "PRIMARY_INDICATOR": "Y",
        "ACTIVATION_DATE": "26-JUN-26",
        "DEACTIVATION_DATE": null,
        "LAST_CHANGED_DATE": "06/29/2026",
        "EXTERNAL_COMMENT": " ",
        "OPPOSING_TI_WZ_ID": 553942,
        "ESRI_OID": 132,
        "layerId": 27,
        "layerName": "Work Zone Medium Point",
        "severity": "medium"
      }
    },
    {
      "type": "Feature",
      "id": 150,
      "geometry": {
        "type": "Point",
        "coordinates": [
          -90.40859826899998,
          38.696261856000035
        ]
      },
      "properties": {
        "OBJECTID": 262477059,
        "TI_OSOW_ID": 338120,
        "TI_WZ_ID": 532208,
        "LAST_CHANGED_USER": "BECKEB1",
        "COUNTY_NAME": "ST. LOUIS",
        "DISTRICT_NUMBER": 5,
        "TRAVELWAY_ID": 6131,
        "DESIGNATION": "RT",
        "TRAVELWAY_NAME": "D",
        "DIRECTION": "E",
        "TW_CONTINUOUS_BEG_LOG": 2.3670001,
        "TW_COUNTY_BEG_LOG": 0,
        "TW_CONTINUOUS_END_LOG": 2.79999995,
        "TW_COUNTY_END_LOG": 0,
        "STATUS_DATE": null,
        "START_DATE": "30-JUN-2025",
        "END_DATE": "06-NOV-2026",
        "START_TIME": "12:00 AM",
        "END_TIME": "12:00 AM",
        "WORK_TYPE": "BRIDGE RECONSTRUCTION",
        "NUMBER_LANES_CLOSED": "0",
        "PROJECT_INSPECTOR": "Benjamin Beckerle",
        "MODOT_USERID": "BECKEB1 (BENJAMIN BECKERLE)",
        "MODOT_PHONE": "6368933899",
        "COMPANY_CONTACT": "Sean Kilian",
        "COMPANY_WORKING": "Kozeny-Wagner, Inc.",
        "COMPANY_PHONE": "3142800353",
        "OP_TYPE": "CONSTRUCTION CONTRACT",
        "ORG_CODE": "7FCA",
        "STATUS": "ACTIVE",
        "WEEKEND": "BOTH",
        "AADT": 16834,
        "NHS": "NHS",
        "ROADWAY_TYPE": "EXPRESSWAY",
        "DIVIDED_UNDIVIDED": "DIVIDED",
        "BEG_REF_PT": ".06 mile(s) before RP DRTDE TO US67S S",
        "END_REF_PT": ".001 mile(s) before CST FLOM CT E",
        "LEVEL_OF_IMPACT": "POSSIBLE DELAYS",
        "JOB_NUMBER": "J6S3626",
        "SPEED_LIMIT": "35",
        "PRIMARY_INDICATOR": "Y",
        "ACTIVATION_DATE": "29-APR-25",
        "DEACTIVATION_DATE": null,
        "LAST_CHANGED_DATE": "06/19/2025",
        "EXTERNAL_COMMENT": "Between 6/30/25 and 11/6/26, thru lanes in both directions of Page Blvd. will be diverted to the open half of the bridge over Lindbergh Blvd. during construction of the other half. Please drive with caution. ",
        "OPPOSING_TI_WZ_ID": 532209,
        "ESRI_OID": 150,
        "layerId": 27,
        "layerName": "Work Zone Medium Point",
        "severity": "medium"
      }
    },
    {
      "type": "Feature",
      "id": 151,
      "geometry": {
        "type": "Point",
        "coordinates": [
          -90.40877850899994,
          38.696266440000045
        ]
      },
      "properties": {
        "OBJECTID": 267886420,
        "TI_OSOW_ID": 338122,
        "TI_WZ_ID": 532210,
        "LAST_CHANGED_USER": "BECKEB1",
        "COUNTY_NAME": "ST. LOUIS",
        "DISTRICT_NUMBER": 5,
        "TRAVELWAY_ID": 15,
        "DESIGNATION": "US",
        "TRAVELWAY_NAME": "67",
        "DIRECTION": "S",
        "TW_CONTINUOUS_BEG_LOG": 21.2320004,
        "TW_COUNTY_BEG_LOG": 0,
        "TW_CONTINUOUS_END_LOG": 21.5380001,
        "TW_COUNTY_END_LOG": 0,
        "STATUS_DATE": null,
        "START_DATE": "30-JUN-2025",
        "END_DATE": "06-NOV-2026",
        "START_TIME": "12:00 AM",
        "END_TIME": "12:00 AM",
        "WORK_TYPE": "BRIDGE RECONSTRUCTION",
        "NUMBER_LANES_CLOSED": "1",
        "PROJECT_INSPECTOR": "Benjamin Beckerle",
        "MODOT_USERID": "BECKEB1 (BENJAMIN BECKERLE)",
        "MODOT_PHONE": "6368933899",
        "COMPANY_CONTACT": "Sean Kilian",
        "COMPANY_WORKING": "Kozeny-Wagner, Inc.",
        "COMPANY_PHONE": "3142800353",
        "OP_TYPE": "CONSTRUCTION CONTRACT",
        "ORG_CODE": "7FCA",
        "STATUS": "ACTIVE",
        "WEEKEND": "BOTH",
        "AADT": 10944,
        "NHS": "NHS",
        "ROADWAY_TYPE": "EXPRESSWAY",
        "DIVIDED_UNDIVIDED": "DIVIDED",
        "BEG_REF_PT": ".014 mile(s) after RP US67S TO RTDW W",
        "END_REF_PT": ".016 mile(s) before RP DRTDE TO US67S S",
        "LEVEL_OF_IMPACT": "POSSIBLE DELAYS",
        "JOB_NUMBER": "J6S3626",
        "SPEED_LIMIT": "30",
        "PRIMARY_INDICATOR": "Y",
        "ACTIVATION_DATE": "29-APR-25",
        "DEACTIVATION_DATE": null,
        "LAST_CHANGED_DATE": "06/19/2025",
        "EXTERNAL_COMMENT": "Lane closure on Lindbergh Blvd. for bridge construction work between 6/30/2025 through 11/6/2026. Please drive with caution.",
        "OPPOSING_TI_WZ_ID": 532211,
        "ESRI_OID": 151,
        "layerId": 27,
        "layerName": "Work Zone Medium Point",
        "severity": "medium"
      }
    },
    {
      "type": "Feature",
      "id": 153,
      "geometry": {
        "type": "Point",
        "coordinates": [
          -90.40860783499994,
          38.696256412000025
        ]
      },
      "properties": {
        "OBJECTID": 267886423,
        "TI_OSOW_ID": 338123,
        "TI_WZ_ID": 532211,
        "LAST_CHANGED_USER": "BECKEB1",
        "COUNTY_NAME": "ST. LOUIS",
        "DISTRICT_NUMBER": 5,
        "TRAVELWAY_ID": 14,
        "DESIGNATION": "US",
        "TRAVELWAY_NAME": "67",
        "DIRECTION": "N",
        "TW_CONTINUOUS_BEG_LOG": 176.207993,
        "TW_COUNTY_BEG_LOG": 0,
        "TW_CONTINUOUS_END_LOG": 176.514999,
        "TW_COUNTY_END_LOG": 0,
        "STATUS_DATE": null,
        "START_DATE": "30-JUN-2025",
        "END_DATE": "06-NOV-2026",
        "START_TIME": "12:00 AM",
        "END_TIME": "12:00 AM",
        "WORK_TYPE": "BRIDGE RECONSTRUCTION",
        "NUMBER_LANES_CLOSED": "1",
        "PROJECT_INSPECTOR": "Benjamin Beckerle",
        "MODOT_USERID": "BECKEB1 (BENJAMIN BECKERLE)",
        "MODOT_PHONE": "6368933899",
        "COMPANY_CONTACT": "Sean Kilian",
        "COMPANY_WORKING": "Kozeny-Wagner, Inc.",
        "COMPANY_PHONE": "3142800353",
        "OP_TYPE": "CONSTRUCTION CONTRACT",
        "ORG_CODE": "7FCA",
        "STATUS": "ACTIVE",
        "WEEKEND": "BOTH",
        "AADT": 9497,
        "NHS": "NHS",
        "ROADWAY_TYPE": "EXPRESSWAY",
        "DIVIDED_UNDIVIDED": "DIVIDED",
        "BEG_REF_PT": ".024 mile(s) after RP US67N TO RTDE E",
        "END_REF_PT": ".01 mile(s) after RP RTDW TO US67N N",
        "LEVEL_OF_IMPACT": "POSSIBLE DELAYS",
        "JOB_NUMBER": "J6S3626",
        "SPEED_LIMIT": "30",
        "PRIMARY_INDICATOR": "Y",
        "ACTIVATION_DATE": "29-APR-25",
        "DEACTIVATION_DATE": null,
        "LAST_CHANGED_DATE": "06/19/2025",
        "EXTERNAL_COMMENT": "Lane closure on Lindbergh Blvd. for bridge construction work between 6/30/2025 through 11/6/2026. Please drive with caution.",
        "OPPOSING_TI_WZ_ID": 532210,
        "ESRI_OID": 153,
        "layerId": 27,
        "layerName": "Work Zone Medium Point",
        "severity": "medium"
      }
    },
    {
      "type": "Feature",
      "id": 268670817,
      "geometry": {
        "type": "LineString",
        "coordinates": [
          [
            -90.25226560599998,
            38.74266310200005
          ],
          [
            -90.25221935199994,
            38.742507673000034
          ],
          [
            -90.25219432199998,
            38.74243792400006
          ]
        ]
      },
      "properties": {
        "DATA_ID": 1021544,
        "STATIC_DTL_ID": 322649,
        "TRANSACTION_ID": 68766442,
        "ACTIVATION_DATE": 1787219437000,
        "DEACTIVATION_DATE": null,
        "TRAVELWAY_ID": 6145,
        "TRAVELWAY_NAME": "AC",
        "DESIGNATION": "RT",
        "DIRECTION": "S",
        "OFFSET": null,
        "ROUTE": "RT AC S",
        "COUNTY_NAME": "ST. LOUIS",
        "DISTRICT_NO": 5,
        "DISTRICT_ABBR": "SL",
        "BEGIN_LOG": 5.36600018,
        "END_LOG": 5.38199997,
        "PRIMARY_IND": "Y",
        "ENTIRE_IND": "Y",
        "ORPHANS_IND": null,
        "OPPOSING_DATA_ID": 1021545,
        "STATUS_CODE": "ACTIVE",
        "STATUS_DATE": 1787219437000,
        "START_DATE": 1787219400000,
        "END_DATE": null,
        "ESTIMATED_HOUR_DURATION": 96,
        "RIVER_NAME": null,
        "DEPTH": null,
        "TYPE_CODE": "SIGNAL ISSUE",
        "LEVEL_OF_IMPACT_CODE": "EXPECT DELAYS",
        "EXT_COMMENT": "Signal on red flash, be prepared to stop.",
        "ATMS_ID": null,
        "ATMS_SOURCE": null,
        "LAST_CHANGED_USER": "welloc1",
        "LAST_CHANGED_DATE": 1787219437000,
        "LOC_LAST_CHANGED_USER": "welloc1",
        "LOC_LAST_CHANGED_DATE": 1787219437000,
        "BEGIN_DESCRIPTION": ".011 mile(s) before CST LUCAS AND HUNT RD S",
        "END_DESCRIPTION": ".005 mile(s) after CST LUCAS AND HUNT RD S",
        "OBJECT_ID": 268670817,
        "layerId": 31,
        "layerName": "Incident High Line",
        "severity": "high"
      }
    },
    {
      "type": "Feature",
      "id": 268670820,
      "geometry": {
        "type": "LineString",
        "coordinates": [
          [
            -90.25219432099999,
            38.74243792400006
          ],
          [
            -90.25221935199994,
            38.742507673000034
          ],
          [
            -90.25226560599998,
            38.74266310200005
          ]
        ]
      },
      "properties": {
        "DATA_ID": 1021545,
        "STATIC_DTL_ID": 322650,
        "TRANSACTION_ID": 68766442,
        "ACTIVATION_DATE": 1787219438000,
        "DEACTIVATION_DATE": null,
        "TRAVELWAY_ID": 6146,
        "TRAVELWAY_NAME": "AC",
        "DESIGNATION": "RT",
        "DIRECTION": "N",
        "OFFSET": null,
        "ROUTE": "RT AC N",
        "COUNTY_NAME": "ST. LOUIS",
        "DISTRICT_NO": 5,
        "DISTRICT_ABBR": "SL",
        "BEGIN_LOG": 0.40200001,
        "END_LOG": 0.418000013,
        "PRIMARY_IND": "Y",
        "ENTIRE_IND": "Y",
        "ORPHANS_IND": null,
        "OPPOSING_DATA_ID": 1021544,
        "STATUS_CODE": "ACTIVE",
        "STATUS_DATE": 1787219438000,
        "START_DATE": 1787219400000,
        "END_DATE": null,
        "ESTIMATED_HOUR_DURATION": 96,
        "RIVER_NAME": null,
        "DEPTH": null,
        "TYPE_CODE": "SIGNAL ISSUE",
        "LEVEL_OF_IMPACT_CODE": "EXPECT DELAYS",
        "EXT_COMMENT": "Signal on red flash, be prepared to stop.",
        "ATMS_ID": null,
        "ATMS_SOURCE": null,
        "LAST_CHANGED_USER": "welloc1",
        "LAST_CHANGED_DATE": 1787219438000,
        "LOC_LAST_CHANGED_USER": "welloc1",
        "LOC_LAST_CHANGED_DATE": 1787219438000,
        "BEGIN_DESCRIPTION": ".005 mile(s) before CST LUCAS AND HUNT RD S",
        "END_DESCRIPTION": ".011 mile(s) after CST LUCAS AND HUNT RD S",
        "OBJECT_ID": 268670820,
        "layerId": 31,
        "layerName": "Incident High Line",
        "severity": "high"
      }
    },
    {
      "type": "Feature",
      "id": 268681736,
      "geometry": {
        "type": "LineString",
        "coordinates": [
          [
            -90.37036856999998,
            38.56138633000006
          ],
          [
            -90.36954878599994,
            38.56171891100007
          ],
          [
            -90.36895888099997,
            38.56195754300006
          ]
        ]
      },
      "properties": {
        "DATA_ID": 1021636,
        "STATIC_DTL_ID": 322707,
        "TRANSACTION_ID": 68769377,
        "ACTIVATION_DATE": 1787262978000,
        "DEACTIVATION_DATE": null,
        "TRAVELWAY_ID": 6143,
        "TRAVELWAY_NAME": "366",
        "DESIGNATION": "MO",
        "DIRECTION": "E",
        "OFFSET": null,
        "ROUTE": "MO 366 E",
        "COUNTY_NAME": "ST. LOUIS",
        "DISTRICT_NO": 5,
        "DISTRICT_ABBR": "SL",
        "BEGIN_LOG": 3.42799997,
        "END_LOG": 3.51399994,
        "PRIMARY_IND": "Y",
        "ENTIRE_IND": "Y",
        "ORPHANS_IND": null,
        "OPPOSING_DATA_ID": 1021637,
        "STATUS_CODE": "ACTIVE",
        "STATUS_DATE": 1787262978000,
        "START_DATE": 1787262900000,
        "END_DATE": null,
        "ESTIMATED_HOUR_DURATION": 96,
        "RIVER_NAME": null,
        "DEPTH": null,
        "TYPE_CODE": "SIGNAL ISSUE",
        "LEVEL_OF_IMPACT_CODE": "EXPECT DELAYS",
        "EXT_COMMENT": "SIGNALS ON RED FLASH, BE PREPARED TO STOP",
        "ATMS_ID": null,
        "ATMS_SOURCE": null,
        "LAST_CHANGED_USER": "foxm2",
        "LAST_CHANGED_DATE": 1787262978000,
        "LOC_LAST_CHANGED_USER": "foxm2",
        "LOC_LAST_CHANGED_DATE": 1787262978000,
        "BEGIN_DESCRIPTION": ".05 mile(s) before CST PARDEE LN E",
        "END_DESCRIPTION": ".036 mile(s) after CST PARDEE LN E",
        "OBJECT_ID": 268681736,
        "layerId": 31,
        "layerName": "Incident High Line",
        "severity": "high"
      }
    },
    {
      "type": "Feature",
      "id": 268681739,
      "geometry": {
        "type": "LineString",
        "coordinates": [
          [
            -90.36902364699995,
            38.562058670000056
          ],
          [
            -90.36966281599996,
            38.561798811000074
          ],
          [
            -90.37043122199998,
            38.561486082000044
          ]
        ]
      },
      "properties": {
        "DATA_ID": 1021637,
        "STATIC_DTL_ID": 322708,
        "TRANSACTION_ID": 68769377,
        "ACTIVATION_DATE": 1787262979000,
        "DEACTIVATION_DATE": null,
        "TRAVELWAY_ID": 6144,
        "TRAVELWAY_NAME": "366",
        "DESIGNATION": "MO",
        "DIRECTION": "W",
        "OFFSET": null,
        "ROUTE": "MO 366 W",
        "COUNTY_NAME": "ST. LOUIS",
        "DISTRICT_NO": 5,
        "DISTRICT_ABBR": "SL",
        "BEGIN_LOG": 8.48600006,
        "END_LOG": 8.57199955,
        "PRIMARY_IND": "Y",
        "ENTIRE_IND": "Y",
        "ORPHANS_IND": null,
        "OPPOSING_DATA_ID": 1021636,
        "STATUS_CODE": "ACTIVE",
        "STATUS_DATE": 1787262979000,
        "START_DATE": 1787262900000,
        "END_DATE": null,
        "ESTIMATED_HOUR_DURATION": 96,
        "RIVER_NAME": null,
        "DEPTH": null,
        "TYPE_CODE": "SIGNAL ISSUE",
        "LEVEL_OF_IMPACT_CODE": "EXPECT DELAYS",
        "EXT_COMMENT": "SIGNALS ON RED FLASH, BE PREPARED TO STOP",
        "ATMS_ID": null,
        "ATMS_SOURCE": null,
        "LAST_CHANGED_USER": "foxm2",
        "LAST_CHANGED_DATE": 1787262979000,
        "LOC_LAST_CHANGED_USER": "foxm2",
        "LOC_LAST_CHANGED_DATE": 1787262979000,
        "BEGIN_DESCRIPTION": ".039 mile(s) before CST PARDEE LN E",
        "END_DESCRIPTION": ".047 mile(s) after CST PARDEE LN E",
        "OBJECT_ID": 268681739,
        "layerId": 31,
        "layerName": "Incident High Line",
        "severity": "high"
      }
    },
    {
      "type": "Feature",
      "id": 1,
      "geometry": {
        "type": "LineString",
        "coordinates": [
          [
            -90.70452022399996,
            38.714332925000065
          ],
          [
            -90.70606857299998,
            38.71467241500005
          ],
          [
            -90.70765247599996,
            38.71507249900003
          ],
          [
            -90.70900561999997,
            38.71542311800005
          ],
          [
            -90.71173586899994,
            38.71625110600007
          ],
          [
            -90.71299863399997,
            38.716684083000075
          ],
          [
            -90.71742827899999,
            38.718375629000036
          ],
          [
            -90.71882646199998,
            38.718999137000026
          ],
          [
            -90.72122916199999,
            38.72014109500003
          ],
          [
            -90.72393273799997,
            38.72159305400004
          ],
          [
            -90.72634342799995,
            38.723032491000026
          ],
          [
            -90.72852171599999,
            38.72445932000005
          ],
          [
            -90.73063906599998,
            38.72599114700006
          ],
          [
            -90.73156754599995,
            38.72672257800008
          ],
          [
            -90.73376753499997,
            38.72856065700006
          ],
          [
            -90.73562184199994,
            38.730283744000076
          ],
          [
            -90.73709271899997,
            38.73177033200005
          ],
          [
            -90.73863197099996,
            38.733411287000024
          ],
          [
            -90.74560964199998,
            38.74083336700005
          ],
          [
            -90.74814688899994,
            38.743537023000044
          ],
          [
            -90.75022063099999,
            38.74575507000003
          ],
          [
            -90.75340378099997,
            38.74911039300008
          ],
          [
            -90.75353276499999,
            38.74925103600003
          ],
          [
            -90.75598321999996,
            38.75185065900007
          ],
          [
            -90.75669245999995,
            38.752604821000034
          ],
          [
            -90.76000614499998,
            38.75610766900007
          ],
          [
            -90.76238401999996,
            38.75866920900006
          ],
          [
            -90.76288969199999,
            38.759199126000055
          ],
          [
            -90.76335129499995,
            38.75968689800004
          ],
          [
            -90.76390435899998,
            38.76029509800003
          ],
          [
            -90.76623411599996,
            38.762739691000036
          ],
          [
            -90.76740407099999,
            38.76384844200004
          ],
          [
            -90.76788075099995,
            38.764271638000025
          ],
          [
            -90.76881606799998,
            38.76506401200004
          ],
          [
            -90.77022095499996,
            38.766163454000036
          ],
          [
            -90.77223936799999,
            38.76757031900007
          ],
          [
            -90.77524411199994,
            38.76942835800003
          ],
          [
            -90.77680424499994,
            38.77034002200003
          ],
          [
            -90.77693303399997,
            38.770417560000055
          ],
          [
            -90.77721955999993,
            38.77060796500007
          ],
          [
            -90.78164396999995,
            38.77327659200006
          ],
          [
            -90.78286365599996,
            38.774030510000046
          ],
          [
            -90.78740377599996,
            38.77678346700003
          ],
          [
            -90.79063683899994,
            38.778733302000035
          ],
          [
            -90.79184587999998,
            38.779476240000065
          ],
          [
            -90.79527294599995,
            38.78155356600007
          ],
          [
            -90.79585884599999,
            38.78192098300008
          ],
          [
            -90.79951930699997,
            38.78411885700007
          ],
          [
            -90.80252872099999,
            38.78594411600005
          ],
          [
            -90.80590846599995,
            38.78797584100005
          ],
          [
            -90.80999509599997,
            38.79046113700008
          ],
          [
            -90.81086768099999,
            38.79098842600007
          ],
          [
            -90.81309322199996,
            38.792332067000075
          ],
          [
            -90.81489299599997,
            38.79342333400007
          ],
          [
            -90.81910403899997,
            38.795974761000025
          ],
          [
            -90.82162711799998,
            38.79749194600004
          ],
          [
            -90.82393486699999,
            38.79890022700005
          ],
          [
            -90.82608831499994,
            38.800361364000025
          ],
          [
            -90.82762914299997,
            38.801387515000044
          ],
          [
            -90.83003935199997,
            38.80286707400006
          ],
          [
            -90.83231501699998,
            38.804256759000054
          ],
          [
            -90.83365398999996,
            38.80505557200007
          ],
          [
            -90.83585934599995,
            38.806433361000074
          ],
          [
            -90.83595408799994,
            38.80649520600008
          ],
          [
            -90.83605072899996,
            38.80656129800008
          ],
          [
            -90.83772283599995,
            38.807768933000034
          ],
          [
            -90.83849178699995,
            38.80812150200006
          ],
          [
            -90.83895204699996,
            38.80828160900006
          ],
          [
            -90.83945877099995,
            38.80836543100003
          ],
          [
            -90.84024934099995,
            38.808394718000045
          ],
          [
            -90.84105531399996,
            38.80826570800008
          ],
          [
            -90.84168023299998,
            38.80805364200006
          ],
          [
            -90.84196176999995,
            38.80791199600003
          ],
          [
            -90.84316570499999,
            38.80714364100004
          ]
        ]
      },
      "properties": {
        "OBJECTID": 268098229,
        "TI_OSOW_ID": null,
        "ID": 540209,
        "LAST_CHANGED_USER": "HOLTZA1",
        "COUNTY_NAME": "ST. CHARLES",
        "DISTRICT_NUMBER": 5,
        "TRAVELWAY_ID": 6373,
        "DESIGNATION": "IS",
        "TRAVELWAY_NAME": "64",
        "DIRECTION": "W",
        "TW_CONTINUOUS_BEG_LOG": 30.8710003,
        "TW_COUNTY_BEG_LOG": 0,
        "TW_CONTINUOUS_END_LOG": 40.9889984,
        "TW_COUNTY_END_LOG": 0,
        "STATUS_DATE": null,
        "START_DATE": "10-SEP-2025",
        "END_DATE": "30-SEP-2026",
        "START_TIME": "08:00 PM",
        "END_TIME": "05:30 AM",
        "WORK_TYPE": "NEW PAVEMENT CONSTRUCTION",
        "NUMBER_LANES_CLOSED": "1",
        "MODOT_USERID": "KELLYC1 (CHRISTOPHER KELLY)",
        "MODOT_PHONE": "3144535034",
        "COMPANY_CONTACT": "24 Hour line",
        "COMPANY_WORKING": "Improve 70 Alliance JV",
        "COMPANY_PHONE": "5734478221",
        "OP_TYPE": "CONSTRUCTION CONTRACT",
        "ORG_CODE": "6I70",
        "STATUS": "ACTIVE",
        "WEEKEND": "SATURDAY",
        "AADT": 30126,
        "NHS": "NHS",
        "ROADWAY_TYPE": "FREEWAY",
        "DIVIDED_UNDIVIDED": "DIVIDED",
        "BEG_REF_PT": ".045 mile(s) after RT K S",
        "END_REF_PT": ".006 mile(s) before RP US61S TO US40W W",
        "LEVEL_OF_IMPACT": "EXPECT DELAYS",
        "JOB_NUMBER": "J6i3033",
        "SPEED_LIMIT": "55",
        "PRIMARY_INDICATOR": "Y",
        "ACTIVATION_DATE": "10-SEP-25",
        "DEACTIVATION_DATE": null,
        "LAST_CHANGED_DATE": "08/14/2026",
        "OPPOSING_TI_WZ_ID": 540208,
        "ESRI_OID": 1,
        "layerId": 33,
        "layerName": "Work Zone High Line",
        "severity": "high"
      }
    },
    {
      "type": "Feature",
      "id": 2,
      "geometry": {
        "type": "LineString",
        "coordinates": [
          [
            -90.48154039899998,
            38.80680154000004
          ],
          [
            -90.48152581599999,
            38.80679260000005
          ],
          [
            -90.47925504999995,
            38.80540681800005
          ],
          [
            -90.47798928899994,
            38.804679941000074
          ],
          [
            -90.47537969599995,
            38.803119396000056
          ],
          [
            -90.47258085499999,
            38.80143631900006
          ],
          [
            -90.47126787399998,
            38.80066455200006
          ],
          [
            -90.47042032099995,
            38.80017623200007
          ],
          [
            -90.46705910999998,
            38.79819714200005
          ],
          [
            -90.46694704399994,
            38.79812418700004
          ],
          [
            -90.46171093899994,
            38.79496986000004
          ],
          [
            -90.45927793799996,
            38.79355721200005
          ],
          [
            -90.45851777099995,
            38.79321075200005
          ],
          [
            -90.45791432099998,
            38.79298020700003
          ],
          [
            -90.45727353199999,
            38.79277173600008
          ],
          [
            -90.45656667799994,
            38.792587852000054
          ],
          [
            -90.45592789299997,
            38.79246114000006
          ],
          [
            -90.45494926699996,
            38.79233110900003
          ],
          [
            -90.45241028499998,
            38.792149589000076
          ],
          [
            -90.45115719799998,
            38.792057267000075
          ]
        ]
      },
      "properties": {
        "OBJECTID": 265141553,
        "TI_OSOW_ID": 343779,
        "ID": 546720,
        "LAST_CHANGED_USER": "CONNEJ1",
        "COUNTY_NAME": "ST. CHARLES",
        "DISTRICT_NUMBER": 5,
        "TRAVELWAY_ID": 6161,
        "DESIGNATION": "MO",
        "TRAVELWAY_NAME": "370",
        "DIRECTION": "E",
        "TW_CONTINUOUS_BEG_LOG": 7.46600008,
        "TW_COUNTY_BEG_LOG": 0,
        "TW_CONTINUOUS_END_LOG": 9.43299961,
        "TW_COUNTY_END_LOG": 0,
        "STATUS_DATE": null,
        "START_DATE": "02-MAR-2026",
        "END_DATE": "30-NOV-2026",
        "START_TIME": "12:00 AM",
        "END_TIME": "12:00 AM",
        "WORK_TYPE": "BRIDGE MAINTENANCE",
        "NUMBER_LANES_CLOSED": "1",
        "MODOT_USERID": "KRAUSM2 (MICHAEL KRAUS)",
        "MODOT_PHONE": "5732016253",
        "COMPANY_CONTACT": "MARK HARTMAN",
        "COMPANY_WORKING": "MILLSTONE WEBER",
        "COMPANY_PHONE": "3147134064",
        "OP_TYPE": "CONSTRUCTION CONTRACT",
        "ORG_CODE": "FCG",
        "STATUS": "ACTIVE",
        "WEEKEND": "BOTH",
        "AADT": 18462,
        "NHS": "NHS",
        "ROADWAY_TYPE": "FREEWAY",
        "DIVIDED_UNDIVIDED": "DIVIDED",
        "BEG_REF_PT": ".001 mile(s) before CST N 5TH ST S",
        "END_REF_PT": ".068 mile(s) after MO 141 S",
        "LEVEL_OF_IMPACT": "EXPECT DELAYS",
        "JOB_NUMBER": "J6P3554",
        "SPEED_LIMIT": "50",
        "PRIMARY_INDICATOR": "Y",
        "ACTIVATION_DATE": "20-FEB-26",
        "DEACTIVATION_DATE": null,
        "LAST_CHANGED_DATE": "02/24/2026",
        "OPPOSING_TI_WZ_ID": 546719,
        "ESRI_OID": 2,
        "layerId": 33,
        "layerName": "Work Zone High Line",
        "severity": "high"
      }
    },
    {
      "type": "Feature",
      "id": 3,
      "geometry": {
        "type": "LineString",
        "coordinates": [
          [
            -90.45113084399998,
            38.79222061000007
          ],
          [
            -90.45135244899996,
            38.792236984000056
          ],
          [
            -90.45226666899998,
            38.79230083300007
          ],
          [
            -90.45514008699996,
            38.79251548000008
          ],
          [
            -90.45571127699998,
            38.79259086400003
          ],
          [
            -90.45671939399995,
            38.79279496000004
          ],
          [
            -90.45725053299998,
            38.79293905500003
          ],
          [
            -90.45814143799998,
            38.79324070400003
          ],
          [
            -90.45935706699998,
            38.79379921900005
          ],
          [
            -90.46404956199996,
            38.796573023000064
          ],
          [
            -90.46681847499997,
            38.798287164000044
          ],
          [
            -90.46692865499995,
            38.798363308000035
          ],
          [
            -90.47028199899995,
            38.80034326400005
          ],
          [
            -90.47118154099996,
            38.800851013000056
          ],
          [
            -90.47535038299998,
            38.80332623500004
          ],
          [
            -90.47598174499996,
            38.80368216000005
          ],
          [
            -90.47940736499999,
            38.80571593800005
          ],
          [
            -90.48141366899995,
            38.806906465000054
          ],
          [
            -90.48142804699995,
            38.806915600000025
          ]
        ]
      },
      "properties": {
        "OBJECTID": 265141550,
        "TI_OSOW_ID": 343778,
        "ID": 546719,
        "LAST_CHANGED_USER": "CONNEJ1",
        "COUNTY_NAME": "ST. LOUIS",
        "DISTRICT_NUMBER": 5,
        "TRAVELWAY_ID": 6162,
        "DESIGNATION": "MO",
        "TRAVELWAY_NAME": "370",
        "DIRECTION": "W",
        "TW_CONTINUOUS_BEG_LOG": 3.35500002,
        "TW_COUNTY_BEG_LOG": 0,
        "TW_CONTINUOUS_END_LOG": 5.31599998,
        "TW_COUNTY_END_LOG": 0,
        "STATUS_DATE": null,
        "START_DATE": "02-MAR-2026",
        "END_DATE": "30-NOV-2026",
        "START_TIME": "12:00 AM",
        "END_TIME": "12:00 AM",
        "WORK_TYPE": "BRIDGE MAINTENANCE",
        "NUMBER_LANES_CLOSED": "1",
        "MODOT_USERID": "KRAUSM2 (MICHAEL KRAUS)",
        "MODOT_PHONE": "5732016253",
        "COMPANY_CONTACT": "MARK HARTMAN",
        "COMPANY_WORKING": "MILLSTONE WEBER",
        "COMPANY_PHONE": "3147134064",
        "OP_TYPE": "CONSTRUCTION CONTRACT",
        "ORG_CODE": "FCG",
        "STATUS": "ACTIVE",
        "WEEKEND": "BOTH",
        "AADT": 23735,
        "NHS": "NHS",
        "ROADWAY_TYPE": "FREEWAY",
        "DIVIDED_UNDIVIDED": "DIVIDED",
        "BEG_REF_PT": ".012 mile(s) before RP MO141 TO MO370W W",
        "END_REF_PT": ".001 mile(s) after CST N 5TH ST S",
        "LEVEL_OF_IMPACT": "EXPECT DELAYS",
        "JOB_NUMBER": "J6P3554",
        "SPEED_LIMIT": "50",
        "PRIMARY_INDICATOR": "Y",
        "ACTIVATION_DATE": "20-FEB-26",
        "DEACTIVATION_DATE": null,
        "LAST_CHANGED_DATE": "02/24/2026",
        "OPPOSING_TI_WZ_ID": 546720,
        "ESRI_OID": 3,
        "layerId": 33,
        "layerName": "Work Zone High Line",
        "severity": "high"
      }
    },
    {
      "type": "Feature",
      "id": 4,
      "geometry": {
        "type": "LineString",
        "coordinates": [
          [
            -90.17952154999995,
            38.76630697600007
          ],
          [
            -90.17990827799997,
            38.76640800100006
          ],
          [
            -90.18233568499994,
            38.76708934100003
          ],
          [
            -90.18251951599996,
            38.76713053900005
          ],
          [
            -90.18462675899997,
            38.76766211000006
          ],
          [
            -90.18526354799997,
            38.76776611200006
          ],
          [
            -90.18613449199995,
            38.76785575100007
          ],
          [
            -90.18734902799997,
            38.76788304000007
          ],
          [
            -90.19744168799997,
            38.767515926000044
          ]
        ]
      },
      "properties": {
        "OBJECTID": 265832898,
        "TI_OSOW_ID": null,
        "ID": 529255,
        "LAST_CHANGED_USER": "CONNEJ1",
        "COUNTY_NAME": "ST. LOUIS CITY",
        "DISTRICT_NUMBER": 5,
        "TRAVELWAY_ID": 6136,
        "DESIGNATION": "IS",
        "TRAVELWAY_NAME": "270",
        "DIRECTION": "W",
        "TW_CONTINUOUS_BEG_LOG": 0.423000008,
        "TW_COUNTY_BEG_LOG": 0,
        "TW_CONTINUOUS_END_LOG": 1.40799999,
        "TW_COUNTY_END_LOG": 0,
        "STATUS_DATE": null,
        "START_DATE": "10-MAR-2025",
        "END_DATE": "31-DEC-2026",
        "START_TIME": "12:00 AM",
        "END_TIME": "12:00 AM",
        "WORK_TYPE": "NEW PAVEMENT CONSTRUCTION",
        "NUMBER_LANES_CLOSED": "0",
        "MODOT_USERID": "ARNOLD1 (DANIEL ARNOLD)",
        "MODOT_PHONE": "3142206645",
        "COMPANY_CONTACT": "Brian Shaffer",
        "COMPANY_WORKING": "Millstone Weber",
        "COMPANY_PHONE": "3142859190",
        "OP_TYPE": "CONSTRUCTION CONTRACT",
        "ORG_CODE": "7FCA",
        "STATUS": "ACTIVE",
        "WEEKEND": "BOTH",
        "AADT": 23218,
        "NHS": "NHS",
        "ROADWAY_TYPE": "FREEWAY",
        "DIVIDED_UNDIVIDED": "DIVIDED",
        "BEG_REF_PT": ".022 mile(s) before RP IS270W TO RIVERVIEW DR W",
        "END_REF_PT": ".069 mile(s) before RP IS270W TO LILAC AVE W",
        "LEVEL_OF_IMPACT": "EXPECT DELAYS",
        "JOB_NUMBER": "j6i3020C",
        "SPEED_LIMIT": "50",
        "PRIMARY_INDICATOR": "Y",
        "ACTIVATION_DATE": "10-MAR-25",
        "DEACTIVATION_DATE": null,
        "LAST_CHANGED_DATE": "03/12/2025",
        "OPPOSING_TI_WZ_ID": 529254,
        "ESRI_OID": 4,
        "layerId": 33,
        "layerName": "Work Zone High Line",
        "severity": "high"
      }
    },
    {
      "type": "Feature",
      "id": 5,
      "geometry": {
        "type": "LineString",
        "coordinates": [
          [
            -90.18222603399994,
            38.76851512300004
          ],
          [
            -90.18222868099997,
            38.76850079400003
          ],
          [
            -90.18241771099997,
            38.76758283800007
          ],
          [
            -90.18251951599996,
            38.76713053900005
          ],
          [
            -90.18255975699998,
            38.76692856500006
          ],
          [
            -90.18265617799995,
            38.76652250600006
          ],
          [
            -90.18303099599996,
            38.76486462500003
          ]
        ]
      },
      "properties": {
        "OBJECTID": 265832886,
        "TI_OSOW_ID": 336939,
        "ID": 529222,
        "LAST_CHANGED_USER": "CONNEJ1",
        "COUNTY_NAME": "ST. LOUIS CITY",
        "DISTRICT_NUMBER": 5,
        "TRAVELWAY_ID": 256012,
        "DESIGNATION": "RT",
        "TRAVELWAY_NAME": "H",
        "DIRECTION": "S",
        "TW_CONTINUOUS_BEG_LOG": 0.384000003,
        "TW_COUNTY_BEG_LOG": 0,
        "TW_CONTINUOUS_END_LOG": 0.638999999,
        "TW_COUNTY_END_LOG": 0,
        "STATUS_DATE": null,
        "START_DATE": "10-MAR-2025",
        "END_DATE": "31-DEC-2026",
        "START_TIME": "12:00 AM",
        "END_TIME": "12:00 AM",
        "WORK_TYPE": "BRIDGE RECONSTRUCTION",
        "NUMBER_LANES_CLOSED": "1",
        "MODOT_USERID": "ARNOLD1 (DANIEL ARNOLD)",
        "MODOT_PHONE": "3142206645",
        "COMPANY_CONTACT": "Brian Shaffer",
        "COMPANY_WORKING": "Millstone Weber",
        "COMPANY_PHONE": "3142859190",
        "OP_TYPE": "CONSTRUCTION CONTRACT",
        "ORG_CODE": "7FCA",
        "STATUS": "ACTIVE",
        "WEEKEND": "BOTH",
        "AADT": 1153,
        "NHS": "NOS",
        "ROADWAY_TYPE": "EXPRESSWAY",
        "DIVIDED_UNDIVIDED": "DIVIDED",
        "BEG_REF_PT": ".001 mile(s) before CST DUNN RD E",
        "END_REF_PT": ".001 mile(s) before CST CHAIN OF ROCKS BRG E",
        "LEVEL_OF_IMPACT": "EXPECT DELAYS",
        "JOB_NUMBER": "J6I3020C",
        "SPEED_LIMIT": "35",
        "PRIMARY_INDICATOR": "Y",
        "ACTIVATION_DATE": "10-MAR-25",
        "DEACTIVATION_DATE": null,
        "LAST_CHANGED_DATE": "03/12/2025",
        "OPPOSING_TI_WZ_ID": 529223,
        "ESRI_OID": 5,
        "layerId": 33,
        "layerName": "Work Zone High Line",
        "severity": "high"
      }
    },
    {
      "type": "Feature",
      "id": 6,
      "geometry": {
        "type": "LineString",
        "coordinates": [
          [
            -90.18285008299995,
            38.764830689000064
          ],
          [
            -90.18266428199996,
            38.76545436500004
          ],
          [
            -90.18245546899999,
            38.766490006000026
          ],
          [
            -90.18236679499995,
            38.76689845400006
          ],
          [
            -90.18233568499994,
            38.76708934100003
          ],
          [
            -90.18223112299995,
            38.76755710600003
          ],
          [
            -90.18199951999998,
            38.76847104700005
          ],
          [
            -90.18199679699995,
            38.76848537800004
          ]
        ]
      },
      "properties": {
        "OBJECTID": 265832890,
        "TI_OSOW_ID": 336940,
        "ID": 529223,
        "LAST_CHANGED_USER": "CONNEJ1",
        "COUNTY_NAME": "ST. LOUIS CITY",
        "DISTRICT_NUMBER": 5,
        "TRAVELWAY_ID": 256013,
        "DESIGNATION": "RT",
        "TRAVELWAY_NAME": "H",
        "DIRECTION": "N",
        "TW_CONTINUOUS_BEG_LOG": 7.36100006,
        "TW_COUNTY_BEG_LOG": 0,
        "TW_CONTINUOUS_END_LOG": 7.61800003,
        "TW_COUNTY_END_LOG": 0,
        "STATUS_DATE": null,
        "START_DATE": "10-MAR-2025",
        "END_DATE": "31-DEC-2026",
        "START_TIME": "12:00 AM",
        "END_TIME": "12:00 AM",
        "WORK_TYPE": "BRIDGE RECONSTRUCTION",
        "NUMBER_LANES_CLOSED": "1",
        "MODOT_USERID": "ARNOLD1 (DANIEL ARNOLD)",
        "MODOT_PHONE": "3142206645",
        "COMPANY_CONTACT": "Brian Shaffer",
        "COMPANY_WORKING": "Millstone Weber",
        "COMPANY_PHONE": "3142859190",
        "OP_TYPE": "CONSTRUCTION CONTRACT",
        "ORG_CODE": "7FCA",
        "STATUS": "ACTIVE",
        "WEEKEND": "BOTH",
        "AADT": 3112,
        "NHS": "NOS",
        "ROADWAY_TYPE": "EXPRESSWAY",
        "DIVIDED_UNDIVIDED": "DIVIDED",
        "BEG_REF_PT": ".001 mile(s) after CST CHAIN OF ROCKS BRG E",
        "END_REF_PT": ".001 mile(s) after CST DUNN RD E",
        "LEVEL_OF_IMPACT": "EXPECT DELAYS",
        "JOB_NUMBER": "J6I3020C",
        "SPEED_LIMIT": "35",
        "PRIMARY_INDICATOR": "Y",
        "ACTIVATION_DATE": "10-MAR-25",
        "DEACTIVATION_DATE": null,
        "LAST_CHANGED_DATE": "03/12/2025",
        "OPPOSING_TI_WZ_ID": 529222,
        "ESRI_OID": 6,
        "layerId": 33,
        "layerName": "Work Zone High Line",
        "severity": "high"
      }
    },
    {
      "type": "Feature",
      "id": 7,
      "geometry": {
        "type": "LineString",
        "coordinates": [
          [
            -90.33704736999994,
            38.77547224800003
          ],
          [
            -90.33616130499996,
            38.77543753100008
          ],
          [
            -90.33492213099998,
            38.775440901000024
          ],
          [
            -90.33463514499994,
            38.77541088600003
          ],
          [
            -90.33363114399998,
            38.77532235600006
          ],
          [
            -90.33080574199994,
            38.77502389500006
          ],
          [
            -90.32947914299996,
            38.77489108800006
          ]
        ]
      },
      "properties": {
        "OBJECTID": 268502605,
        "TI_OSOW_ID": null,
        "ID": 556463,
        "LAST_CHANGED_USER": "CONNEJ1",
        "COUNTY_NAME": "ST. LOUIS",
        "DISTRICT_NUMBER": 5,
        "TRAVELWAY_ID": 6135,
        "DESIGNATION": "IS",
        "TRAVELWAY_NAME": "270",
        "DIRECTION": "E",
        "TW_CONTINUOUS_BEG_LOG": 26.7719994,
        "TW_COUNTY_BEG_LOG": 0,
        "TW_CONTINUOUS_END_LOG": 27.184,
        "TW_COUNTY_END_LOG": 0,
        "STATUS_DATE": null,
        "START_DATE": "11-AUG-2026",
        "END_DATE": "21-AUG-2026",
        "START_TIME": "07:00 PM",
        "END_TIME": "05:00 AM",
        "WORK_TYPE": "BRIDGE MAINTENANCE",
        "NUMBER_LANES_CLOSED": "3",
        "MODOT_USERID": "KRATKJ1 (JACK KRATKY)",
        "MODOT_PHONE": "3142202335",
        "COMPANY_CONTACT": "Bob pilkus",
        "COMPANY_WORKING": "concrete strategies",
        "COMPANY_PHONE": "3146406007",
        "OP_TYPE": "MAINT CONTRACT",
        "ORG_CODE": "7FCH",
        "STATUS": "ACTIVE",
        "WEEKEND": "NONE",
        "AADT": 59864,
        "NHS": "NHS",
        "ROADWAY_TYPE": "FREEWAY",
        "DIVIDED_UNDIVIDED": "DIVIDED",
        "BEG_REF_PT": ".048 mile(s) before RP IS170W TO IS270E E",
        "END_REF_PT": ".045 mile(s) before PED PO A6413 S",
        "LEVEL_OF_IMPACT": "EXPECT DELAYS",
        "JOB_NUMBER": "6P3447",
        "SPEED_LIMIT": "50",
        "PRIMARY_INDICATOR": "Y",
        "ACTIVATION_DATE": "11-AUG-26",
        "DEACTIVATION_DATE": null,
        "LAST_CHANGED_DATE": "08/11/2026",
        "OPPOSING_TI_WZ_ID": 556462,
        "ESRI_OID": 7,
        "layerId": 33,
        "layerName": "Work Zone High Line",
        "severity": "high"
      }
    },
    {
      "type": "Feature",
      "id": 8,
      "geometry": {
        "type": "LineString",
        "coordinates": [
          [
            -90.32944774099997,
            38.775065969000025
          ],
          [
            -90.32988862899998,
            38.77511847400007
          ],
          [
            -90.33438458099994,
            38.77556873200007
          ],
          [
            -90.33492234999994,
            38.775619075000066
          ],
          [
            -90.33703422799994,
            38.77566052100008
          ]
        ]
      },
      "properties": {
        "OBJECTID": 268502603,
        "TI_OSOW_ID": null,
        "ID": 556462,
        "LAST_CHANGED_USER": "CONNEJ1",
        "COUNTY_NAME": "ST. LOUIS",
        "DISTRICT_NUMBER": 5,
        "TRAVELWAY_ID": 6136,
        "DESIGNATION": "IS",
        "TRAVELWAY_NAME": "270",
        "DIRECTION": "W",
        "TW_CONTINUOUS_BEG_LOG": 8.57900047,
        "TW_COUNTY_BEG_LOG": 0,
        "TW_CONTINUOUS_END_LOG": 8.99100018,
        "TW_COUNTY_END_LOG": 0,
        "STATUS_DATE": null,
        "START_DATE": "11-AUG-2026",
        "END_DATE": "21-AUG-2026",
        "START_TIME": "07:00 PM",
        "END_TIME": "05:00 AM",
        "WORK_TYPE": "BRIDGE MAINTENANCE",
        "NUMBER_LANES_CLOSED": "3",
        "MODOT_USERID": "KRATKJ1 (JACK KRATKY)",
        "MODOT_PHONE": "3142202335",
        "COMPANY_CONTACT": "Bob pilkus",
        "COMPANY_WORKING": "concrete strategies",
        "COMPANY_PHONE": "3146406007",
        "OP_TYPE": "MAINT CONTRACT",
        "ORG_CODE": "7FCH",
        "STATUS": "ACTIVE",
        "WEEKEND": "NONE",
        "AADT": 67376,
        "NHS": "NHS",
        "ROADWAY_TYPE": "FREEWAY",
        "DIVIDED_UNDIVIDED": "DIVIDED",
        "BEG_REF_PT": ".045 mile(s) after PED PO A6413 S",
        "END_REF_PT": ".114 mile(s) after CST NORTH HANLEY RD S",
        "LEVEL_OF_IMPACT": "EXPECT DELAYS",
        "JOB_NUMBER": "6P3447",
        "SPEED_LIMIT": "50",
        "PRIMARY_INDICATOR": "Y",
        "ACTIVATION_DATE": "11-AUG-26",
        "DEACTIVATION_DATE": null,
        "LAST_CHANGED_DATE": "08/11/2026",
        "OPPOSING_TI_WZ_ID": 556463,
        "ESRI_OID": 8,
        "layerId": 33,
        "layerName": "Work Zone High Line",
        "severity": "high"
      }
    },
    {
      "type": "Feature",
      "id": 9,
      "geometry": {
        "type": "LineString",
        "coordinates": [
          [
            -90.19743846899996,
            38.76735409400004
          ],
          [
            -90.19256328699998,
            38.76752991400008
          ],
          [
            -90.19108373499995,
            38.76755536700006
          ],
          [
            -90.18938437999998,
            38.76753354500005
          ],
          [
            -90.18711793299997,
            38.76740993800007
          ],
          [
            -90.18471132499997,
            38.767217808000055
          ],
          [
            -90.18255975699998,
            38.76692856500006
          ],
          [
            -90.18236679499995,
            38.76689845400006
          ],
          [
            -90.17995751999996,
            38.76636548600004
          ],
          [
            -90.17953674899996,
            38.766253721000055
          ]
        ]
      },
      "properties": {
        "OBJECTID": 265832894,
        "TI_OSOW_ID": null,
        "ID": 529254,
        "LAST_CHANGED_USER": "CONNEJ1",
        "COUNTY_NAME": "ST. LOUIS",
        "DISTRICT_NUMBER": 5,
        "TRAVELWAY_ID": 6135,
        "DESIGNATION": "IS",
        "TRAVELWAY_NAME": "270",
        "DIRECTION": "E",
        "TW_CONTINUOUS_BEG_LOG": 34.3549995,
        "TW_COUNTY_BEG_LOG": 0,
        "TW_CONTINUOUS_END_LOG": 35.3320007,
        "TW_COUNTY_END_LOG": 0,
        "STATUS_DATE": null,
        "START_DATE": "10-MAR-2025",
        "END_DATE": "31-DEC-2026",
        "START_TIME": "12:00 AM",
        "END_TIME": "12:00 AM",
        "WORK_TYPE": "NEW PAVEMENT CONSTRUCTION",
        "NUMBER_LANES_CLOSED": "0",
        "MODOT_USERID": "ARNOLD1 (DANIEL ARNOLD)",
        "MODOT_PHONE": "3142206645",
        "COMPANY_CONTACT": "Brian Shaffer",
        "COMPANY_WORKING": "Millstone Weber",
        "COMPANY_PHONE": "3142859190",
        "OP_TYPE": "CONSTRUCTION CONTRACT",
        "ORG_CODE": "7FCA",
        "STATUS": "ACTIVE",
        "WEEKEND": "BOTH",
        "AADT": 24630,
        "NHS": "NHS",
        "ROADWAY_TYPE": "FREEWAY",
        "DIVIDED_UNDIVIDED": "DIVIDED",
        "BEG_REF_PT": ".121 mile(s) after RP LILAC AVE TO IS270E E",
        "END_REF_PT": ".024 mile(s) after RP RIVERVIEW DR TO IS270E E",
        "LEVEL_OF_IMPACT": "EXPECT DELAYS",
        "JOB_NUMBER": "j6i3020C",
        "SPEED_LIMIT": "50",
        "PRIMARY_INDICATOR": "Y",
        "ACTIVATION_DATE": "10-MAR-25",
        "DEACTIVATION_DATE": null,
        "LAST_CHANGED_DATE": "03/12/2025",
        "OPPOSING_TI_WZ_ID": 529255,
        "ESRI_OID": 9,
        "layerId": 33,
        "layerName": "Work Zone High Line",
        "severity": "high"
      }
    },
    {
      "type": "Feature",
      "id": 10,
      "geometry": {
        "type": "LineString",
        "coordinates": [
          [
            -90.84213567999996,
            38.80615904900003
          ],
          [
            -90.84186287199998,
            38.80610120800003
          ],
          [
            -90.84121874199997,
            38.806102656000064
          ],
          [
            -90.84039849399994,
            38.80598758600007
          ],
          [
            -90.83670807599998,
            38.805036028000075
          ],
          [
            -90.83473640399995,
            38.804499659000044
          ],
          [
            -90.83266168999995,
            38.80386820600006
          ],
          [
            -90.83139187499995,
            38.80335011100004
          ],
          [
            -90.83060766699998,
            38.80292123700008
          ],
          [
            -90.82708432499999,
            38.800762475000056
          ],
          [
            -90.82625982099995,
            38.80020416900004
          ],
          [
            -90.82468952299996,
            38.79911665100008
          ],
          [
            -90.82297663999998,
            38.798050412000066
          ],
          [
            -90.81954273599996,
            38.79597535600004
          ],
          [
            -90.81634494999997,
            38.79404172400007
          ],
          [
            -90.81323392499996,
            38.79214408000007
          ],
          [
            -90.81106329599999,
            38.790842765000036
          ],
          [
            -90.81013971199997,
            38.79028514400005
          ],
          [
            -90.80606601399995,
            38.78780817300003
          ],
          [
            -90.80269258999994,
            38.78577932400003
          ],
          [
            -90.79968488299994,
            38.78395534100008
          ],
          [
            -90.79604917599994,
            38.781742990000055
          ],
          [
            -90.79540299199994,
            38.78136473300003
          ],
          [
            -90.79270339099997,
            38.779728024000065
          ],
          [
            -90.79082262499998,
            38.778586336000046
          ],
          [
            -90.78757116699995,
            38.77662129500004
          ],
          [
            -90.78305330299997,
            38.77387102800003
          ],
          [
            -90.78252943399997,
            38.773572365000064
          ],
          [
            -90.77854236599995,
            38.77116089300006
          ],
          [
            -90.77725477299998,
            38.77036165100003
          ],
          [
            -90.77712974399998,
            38.77028683000003
          ],
          [
            -90.77585485499998,
            38.76950774900007
          ],
          [
            -90.77284987199994,
            38.767714856000055
          ],
          [
            -90.77060036799998,
            38.766174439000054
          ],
          [
            -90.76910852699996,
            38.765025114000025
          ],
          [
            -90.76806591099995,
            38.764146433000064
          ],
          [
            -90.76711244199998,
            38.76328047700008
          ],
          [
            -90.76575689399994,
            38.76191286400007
          ],
          [
            -90.76342254299999,
            38.75943600700003
          ],
          [
            -90.75685586399999,
            38.752449211000055
          ],
          [
            -90.75607908599994,
            38.75164622400007
          ],
          [
            -90.75373304699997,
            38.74914012800008
          ],
          [
            -90.75359607899998,
            38.748996850000026
          ],
          [
            -90.75068688099998,
            38.74590045700006
          ],
          [
            -90.74836650999998,
            38.74343375900003
          ],
          [
            -90.73607546599999,
            38.73039554300004
          ],
          [
            -90.73504245999999,
            38.72941904800007
          ],
          [
            -90.73304380899998,
            38.72766650400007
          ],
          [
            -90.73106710399998,
            38.72606895500007
          ],
          [
            -90.73035519699994,
            38.725520553000024
          ],
          [
            -90.72735101499995,
            38.72341557300007
          ],
          [
            -90.72583567799995,
            38.72246631000007
          ],
          [
            -90.72335970699999,
            38.721010904000025
          ],
          [
            -90.72064866599999,
            38.719587552000064
          ],
          [
            -90.71854634099998,
            38.718590051000035
          ],
          [
            -90.71740372499994,
            38.71812750400005
          ],
          [
            -90.71597524699996,
            38.71760956300005
          ],
          [
            -90.71489056899998,
            38.71718442100007
          ],
          [
            -90.71239667299994,
            38.71631419900007
          ],
          [
            -90.71057357099994,
            38.71573561300005
          ],
          [
            -90.70839141699997,
            38.71511269800004
          ],
          [
            -90.70648943799995,
            38.714615491000075
          ],
          [
            -90.70457733299997,
            38.71419347900007
          ]
        ]
      },
      "properties": {
        "OBJECTID": 268098234,
        "TI_OSOW_ID": null,
        "ID": 540208,
        "LAST_CHANGED_USER": "HOLTZA1",
        "COUNTY_NAME": "ST. CHARLES",
        "DISTRICT_NUMBER": 5,
        "TRAVELWAY_ID": 6372,
        "DESIGNATION": "IS",
        "TRAVELWAY_NAME": "64",
        "DIRECTION": "E",
        "TW_CONTINUOUS_BEG_LOG": 0,
        "TW_COUNTY_BEG_LOG": 0,
        "TW_CONTINUOUS_END_LOG": 9.94699955,
        "TW_COUNTY_END_LOG": 0,
        "STATUS_DATE": null,
        "START_DATE": "10-SEP-2025",
        "END_DATE": "30-SEP-2026",
        "START_TIME": "08:00 PM",
        "END_TIME": "05:30 AM",
        "WORK_TYPE": "NEW PAVEMENT CONSTRUCTION",
        "NUMBER_LANES_CLOSED": "1",
        "MODOT_USERID": "KELLYC1 (CHRISTOPHER KELLY)",
        "MODOT_PHONE": "3144535034",
        "COMPANY_CONTACT": "24 Hour line",
        "COMPANY_WORKING": "Improve 70 Alliance JV",
        "COMPANY_PHONE": "5734478221",
        "OP_TYPE": "CONSTRUCTION CONTRACT",
        "ORG_CODE": "6I70",
        "STATUS": "ACTIVE",
        "WEEKEND": "SATURDAY",
        "AADT": 20652,
        "NHS": "NHS",
        "ROADWAY_TYPE": "FREEWAY",
        "DIVIDED_UNDIVIDED": "DIVIDED",
        "BEG_REF_PT": "IS 70 E",
        "END_REF_PT": ".032 mile(s) before RP RTKS TO IS64E E",
        "LEVEL_OF_IMPACT": "EXPECT DELAYS",
        "JOB_NUMBER": "J6i3033",
        "SPEED_LIMIT": "55",
        "PRIMARY_INDICATOR": "Y",
        "ACTIVATION_DATE": "10-SEP-25",
        "DEACTIVATION_DATE": null,
        "LAST_CHANGED_DATE": "08/14/2026",
        "OPPOSING_TI_WZ_ID": 540209,
        "ESRI_OID": 10,
        "layerId": 33,
        "layerName": "Work Zone High Line",
        "severity": "high"
      }
    },
    {
      "type": "Feature",
      "id": 11,
      "geometry": {
        "type": "LineString",
        "coordinates": [
          [
            -90.44731593099999,
            38.67163027700008
          ],
          [
            -90.44625981499996,
            38.67131677000003
          ],
          [
            -90.44326483799995,
            38.67053393500004
          ],
          [
            -90.44197677599999,
            38.67038131400005
          ],
          [
            -90.44163874299994,
            38.67035860800007
          ],
          [
            -90.44076492099998,
            38.67047519500005
          ],
          [
            -90.43854116899996,
            38.67095266600006
          ],
          [
            -90.43698581299998,
            38.671271079000064
          ],
          [
            -90.43655806599998,
            38.671288755000035
          ],
          [
            -90.43543062899994,
            38.671241139000074
          ],
          [
            -90.43508648599999,
            38.67121818500004
          ]
        ]
      },
      "properties": {
        "OBJECTID": 267887820,
        "TI_OSOW_ID": null,
        "ID": 547281,
        "LAST_CHANGED_USER": "BIERA1",
        "COUNTY_NAME": "ST. LOUIS",
        "DISTRICT_NUMBER": 5,
        "TRAVELWAY_ID": 6141,
        "DESIGNATION": "MO",
        "TRAVELWAY_NAME": "340",
        "DIRECTION": "E",
        "TW_CONTINUOUS_BEG_LOG": 11.6160002,
        "TW_COUNTY_BEG_LOG": 0,
        "TW_CONTINUOUS_END_LOG": 12.2989998,
        "TW_COUNTY_END_LOG": 0,
        "STATUS_DATE": null,
        "START_DATE": "09-MAR-2026",
        "END_DATE": "30-SEP-2026",
        "START_TIME": "09:00 AM",
        "END_TIME": "03:00 PM",
        "WORK_TYPE": "SIDEWALK/ADA IMPROVEMENTS",
        "NUMBER_LANES_CLOSED": "1",
        "MODOT_USERID": "BIERA1 (ADAM BIER)",
        "MODOT_PHONE": "3145348794",
        "COMPANY_CONTACT": "nick vocks",
        "COMPANY_WORKING": "raineri",
        "COMPANY_PHONE": "5736945625",
        "OP_TYPE": "CONSTRUCTION CONTRACT",
        "ORG_CODE": "Fcb",
        "STATUS": "ACTIVE",
        "WEEKEND": "NONE",
        "AADT": 11850,
        "NHS": "NHS",
        "ROADWAY_TYPE": "EXPRESSWAY",
        "DIVIDED_UNDIVIDED": "DIVIDED",
        "BEG_REF_PT": "CST EMERSON RD S",
        "END_REF_PT": ".019 mile(s) after CRD CRAIG RD S",
        "LEVEL_OF_IMPACT": "EXPECT DELAYS",
        "JOB_NUMBER": "6P3510C",
        "SPEED_LIMIT": "35",
        "PRIMARY_INDICATOR": "Y",
        "ACTIVATION_DATE": "03-MAR-26",
        "DEACTIVATION_DATE": null,
        "LAST_CHANGED_DATE": "07/31/2026",
        "OPPOSING_TI_WZ_ID": 551100,
        "ESRI_OID": 11,
        "layerId": 33,
        "layerName": "Work Zone High Line",
        "severity": "high"
      }
    },
    {
      "type": "Feature",
      "id": 12,
      "geometry": {
        "type": "LineString",
        "coordinates": [
          [
            -90.43508041999996,
            38.671318221000035
          ],
          [
            -90.43543135899995,
            38.671335448000036
          ],
          [
            -90.43647314199995,
            38.67137145000004
          ],
          [
            -90.43693094799994,
            38.67135781200005
          ],
          [
            -90.43855074399994,
            38.67105963000006
          ],
          [
            -90.44022857399995,
            38.670679895000035
          ],
          [
            -90.44078634499994,
            38.67057613800006
          ],
          [
            -90.44100663899997,
            38.67053805100005
          ],
          [
            -90.44142861499995,
            38.67047220000006
          ],
          [
            -90.44174879599996,
            38.67045546700007
          ],
          [
            -90.44198582999996,
            38.67047512500005
          ],
          [
            -90.44325520499996,
            38.67066993200007
          ],
          [
            -90.44454701299998,
            38.670992574000024
          ],
          [
            -90.44622219399997,
            38.67145186700003
          ],
          [
            -90.44714981899995,
            38.671717046000026
          ],
          [
            -90.44725750399994,
            38.671745619000035
          ]
        ]
      },
      "properties": {
        "OBJECTID": 267887154,
        "TI_OSOW_ID": 345426,
        "ID": 551100,
        "LAST_CHANGED_USER": "BIERA1",
        "COUNTY_NAME": "ST. LOUIS",
        "DISTRICT_NUMBER": 5,
        "TRAVELWAY_ID": 6142,
        "DESIGNATION": "MO",
        "TRAVELWAY_NAME": "340",
        "DIRECTION": "W",
        "TW_CONTINUOUS_BEG_LOG": 6.9829998,
        "TW_COUNTY_BEG_LOG": 0,
        "TW_CONTINUOUS_END_LOG": 7.66200018,
        "TW_COUNTY_END_LOG": 0,
        "STATUS_DATE": null,
        "START_DATE": "09-MAR-2026",
        "END_DATE": "30-SEP-2026",
        "START_TIME": "09:00 AM",
        "END_TIME": "03:00 PM",
        "WORK_TYPE": "SIDEWALK/ADA IMPROVEMENTS",
        "NUMBER_LANES_CLOSED": "1",
        "MODOT_USERID": "BIERA1 (ADAM BIER)",
        "MODOT_PHONE": "3145348794",
        "COMPANY_CONTACT": "nick vocks",
        "COMPANY_WORKING": "raineri",
        "COMPANY_PHONE": "5736945625",
        "OP_TYPE": "CONSTRUCTION CONTRACT",
        "ORG_CODE": "Fcb",
        "STATUS": "ACTIVE",
        "WEEKEND": "NONE",
        "AADT": 11810,
        "NHS": "NHS",
        "ROADWAY_TYPE": "EXPRESSWAY",
        "DIVIDED_UNDIVIDED": "DIVIDED",
        "BEG_REF_PT": ".019 mile(s) before CRD CRAIG RD S",
        "END_REF_PT": ".006 mile(s) after CRD ORCHARD LAKES DR S",
        "LEVEL_OF_IMPACT": "EXPECT DELAYS",
        "JOB_NUMBER": "6P3510C",
        "SPEED_LIMIT": "35",
        "PRIMARY_INDICATOR": "Y",
        "ACTIVATION_DATE": "07-MAY-26",
        "DEACTIVATION_DATE": null,
        "LAST_CHANGED_DATE": "07/31/2026",
        "OPPOSING_TI_WZ_ID": 547281,
        "ESRI_OID": 12,
        "layerId": 33,
        "layerName": "Work Zone High Line",
        "severity": "high"
      }
    },
    {
      "type": "Feature",
      "id": 13,
      "geometry": {
        "type": "LineString",
        "coordinates": [
          [
            -90.27158625799996,
            38.54475567600008
          ],
          [
            -90.27243708899994,
            38.54409459900006
          ],
          [
            -90.27284177899998,
            38.543775406000066
          ],
          [
            -90.27329710999999,
            38.54353797600004
          ],
          [
            -90.27634757599998,
            38.542332920000035
          ],
          [
            -90.27748157599996,
            38.541897267000024
          ],
          [
            -90.27867904699997,
            38.54145143300008
          ],
          [
            -90.27905359299996,
            38.54131386600005
          ],
          [
            -90.27987009899994,
            38.54094969400006
          ],
          [
            -90.28054636799999,
            38.54027468000004
          ],
          [
            -90.28159862499996,
            38.539190233000056
          ],
          [
            -90.28213483899998,
            38.53863301600006
          ],
          [
            -90.28282789399998,
            38.53789930500005
          ],
          [
            -90.28400353999996,
            38.53668933800003
          ],
          [
            -90.28408750199998,
            38.536602928000036
          ],
          [
            -90.28471935999994,
            38.535944837000045
          ],
          [
            -90.28528934999997,
            38.535357453000074
          ],
          [
            -90.28534190799996,
            38.53530290600003
          ],
          [
            -90.28596367299997,
            38.53464979100005
          ],
          [
            -90.28659564999998,
            38.53400281900008
          ],
          [
            -90.28709532699997,
            38.533483869000065
          ],
          [
            -90.28782560699995,
            38.532725191000054
          ],
          [
            -90.28807124499997,
            38.532461298000044
          ],
          [
            -90.28872328199998,
            38.53179469100007
          ],
          [
            -90.28934918099998,
            38.53113903000008
          ],
          [
            -90.28999119399998,
            38.53046627800006
          ],
          [
            -90.29067297799998,
            38.52976526000003
          ],
          [
            -90.29162665899997,
            38.52878188100004
          ],
          [
            -90.29183467999997,
            38.528562058000034
          ],
          [
            -90.29298358199998,
            38.52739283000005
          ],
          [
            -90.29328393299994,
            38.52716149100007
          ],
          [
            -90.29396365199995,
            38.526727150000056
          ],
          [
            -90.29468003299996,
            38.52629227800003
          ],
          [
            -90.29553126199994,
            38.525777971000025
          ],
          [
            -90.29606804199994,
            38.525460004000024
          ],
          [
            -90.29910713799995,
            38.52362873200008
          ],
          [
            -90.30030015699998,
            38.52290876300003
          ],
          [
            -90.30170330899995,
            38.522067493000065
          ],
          [
            -90.30262191799994,
            38.52150438000007
          ],
          [
            -90.30437680599994,
            38.52042778400005
          ],
          [
            -90.30661521699994,
            38.51911499800008
          ],
          [
            -90.30907286599995,
            38.51760140600004
          ],
          [
            -90.31109817699996,
            38.51635304300004
          ],
          [
            -90.31334191399998,
            38.51503029000003
          ],
          [
            -90.31675414199998,
            38.51294955900005
          ],
          [
            -90.31691086799998,
            38.51284948400007
          ],
          [
            -90.31740296799995,
            38.51255779100006
          ],
          [
            -90.31838883199998,
            38.511959655000055
          ],
          [
            -90.31945113799998,
            38.51131512200004
          ],
          [
            -90.31986152299999,
            38.51105576600003
          ],
          [
            -90.32034918899996,
            38.51074676800005
          ],
          [
            -90.32098535799997,
            38.51022350100004
          ],
          [
            -90.32227653999996,
            38.50911933400005
          ],
          [
            -90.32291968999994,
            38.508565642000065
          ],
          [
            -90.32317065699999,
            38.508347883000056
          ],
          [
            -90.32500660599999,
            38.50676952400005
          ],
          [
            -90.32595910099997,
            38.50592786900006
          ]
        ]
      },
      "properties": {
        "OBJECTID": 260110436,
        "TI_OSOW_ID": null,
        "ID": 539904,
        "LAST_CHANGED_USER": "CONNEJ1",
        "COUNTY_NAME": "ST. LOUIS",
        "DISTRICT_NUMBER": 5,
        "TRAVELWAY_ID": 6261,
        "DESIGNATION": "MO",
        "TRAVELWAY_NAME": "267",
        "DIRECTION": "S",
        "TW_CONTINUOUS_BEG_LOG": 0,
        "TW_COUNTY_BEG_LOG": 0,
        "TW_CONTINUOUS_END_LOG": 4.02699995,
        "TW_COUNTY_END_LOG": 0,
        "STATUS_DATE": null,
        "START_DATE": "10-SEP-2025",
        "END_DATE": "01-NOV-2027",
        "START_TIME": "05:00 AM",
        "END_TIME": "02:00 PM",
        "WORK_TYPE": "ROADSIDE WORK",
        "NUMBER_LANES_CLOSED": "1",
        "MODOT_USERID": "HILLT5 (TYLER HILL)",
        "MODOT_PHONE": "3143704574",
        "COMPANY_CONTACT": "Bill wiskirchen",
        "COMPANY_WORKING": "NB West",
        "COMPANY_PHONE": "3144780420",
        "OP_TYPE": "CONSTRUCTION CONTRACT",
        "ORG_CODE": "7FCE",
        "STATUS": "ACTIVE",
        "WEEKEND": "NONE",
        "AADT": 9828,
        "NHS": "COL",
        "ROADWAY_TYPE": "TWO-LANE",
        "DIVIDED_UNDIVIDED": "UNDIVIDED",
        "BEG_REF_PT": "CST ALABAMA AVE E",
        "END_REF_PT": "US 50 E",
        "LEVEL_OF_IMPACT": "EXPECT DELAYS",
        "JOB_NUMBER": "J6S3397",
        "SPEED_LIMIT": "40",
        "PRIMARY_INDICATOR": "Y",
        "ACTIVATION_DATE": "04-SEP-25",
        "DEACTIVATION_DATE": null,
        "LAST_CHANGED_DATE": "09/04/2025",
        "OPPOSING_TI_WZ_ID": 539903,
        "ESRI_OID": 13,
        "layerId": 33,
        "layerName": "Work Zone High Line",
        "severity": "high"
      }
    },
    {
      "type": "Feature",
      "id": 14,
      "geometry": {
        "type": "LineString",
        "coordinates": [
          [
            -90.46786163199994,
            38.60104398400006
          ],
          [
            -90.46861225299995,
            38.59985700100003
          ],
          [
            -90.46923909099996,
            38.598704446000056
          ],
          [
            -90.46942054699997,
            38.598424926000064
          ],
          [
            -90.46972188699999,
            38.598061941000026
          ],
          [
            -90.46991007999998,
            38.59789317800005
          ],
          [
            -90.47015180799997,
            38.59771365200004
          ],
          [
            -90.47072465499997,
            38.597404218000065
          ],
          [
            -90.47100223999996,
            38.597285062000026
          ],
          [
            -90.47140902799998,
            38.59716274400006
          ],
          [
            -90.47172287699999,
            38.59709205200005
          ],
          [
            -90.47396738499998,
            38.596780582000065
          ],
          [
            -90.47595914199997,
            38.59648030100004
          ],
          [
            -90.47609555499997,
            38.59638046800006
          ],
          [
            -90.47786667099996,
            38.59614159800003
          ],
          [
            -90.47810507499997,
            38.59612312100006
          ]
        ]
      },
      "properties": {
        "OBJECTID": 267887076,
        "TI_OSOW_ID": 345298,
        "ID": 550719,
        "LAST_CHANGED_USER": "SMITHLE",
        "COUNTY_NAME": "ST. LOUIS",
        "DISTRICT_NUMBER": 5,
        "TRAVELWAY_ID": 6369,
        "DESIGNATION": "MO",
        "TRAVELWAY_NAME": "100",
        "DIRECTION": "W",
        "TW_CONTINUOUS_BEG_LOG": 15.5780001,
        "TW_COUNTY_BEG_LOG": 0,
        "TW_CONTINUOUS_END_LOG": 16.2910004,
        "TW_COUNTY_END_LOG": 0,
        "STATUS_DATE": null,
        "START_DATE": "04-MAY-2026",
        "END_DATE": "31-DEC-2026",
        "START_TIME": "12:00 AM",
        "END_TIME": "12:00 AM",
        "WORK_TYPE": "BRIDGE RECONSTRUCTION",
        "NUMBER_LANES_CLOSED": "1",
        "MODOT_USERID": "JIMENJ1 (JAYDEN JIMENEZ)",
        "MODOT_PHONE": "5735085900",
        "COMPANY_CONTACT": "jerry Kronable",
        "COMPANY_WORKING": "gershenson construction co.",
        "COMPANY_PHONE": "3145027972",
        "OP_TYPE": "CONSTRUCTION CONTRACT",
        "ORG_CODE": "7FCB",
        "STATUS": "ACTIVE",
        "WEEKEND": "BOTH",
        "AADT": 22055,
        "NHS": "NHS",
        "ROADWAY_TYPE": "EXPRESSWAY",
        "DIVIDED_UNDIVIDED": "DIVIDED",
        "BEG_REF_PT": ".014 mile(s) after CO MO100W TO MO100E E",
        "END_REF_PT": ".013 mile(s) after CRD MASON LN S",
        "LEVEL_OF_IMPACT": "EXPECT DELAYS",
        "JOB_NUMBER": "6P3274",
        "SPEED_LIMIT": "35",
        "PRIMARY_INDICATOR": "Y",
        "ACTIVATION_DATE": "04-MAY-26",
        "DEACTIVATION_DATE": null,
        "LAST_CHANGED_DATE": "05/27/2026",
        "OPPOSING_TI_WZ_ID": 550721,
        "ESRI_OID": 14,
        "layerId": 33,
        "layerName": "Work Zone High Line",
        "severity": "high"
      }
    },
    {
      "type": "Feature",
      "id": 15,
      "geometry": {
        "type": "LineString",
        "coordinates": [
          [
            -90.47810507499997,
            38.59612312100006
          ],
          [
            -90.47786667099996,
            38.59614159800003
          ],
          [
            -90.47609555499997,
            38.59638046800006
          ],
          [
            -90.47593334599998,
            38.59637556600006
          ],
          [
            -90.47523740399998,
            38.59647116100007
          ],
          [
            -90.47392922399996,
            38.59665679300008
          ],
          [
            -90.47371149199995,
            38.59668626200005
          ]
        ]
      },
      "properties": {
        "OBJECTID": 267887081,
        "TI_OSOW_ID": null,
        "ID": 550721,
        "LAST_CHANGED_USER": "SMITHLE",
        "COUNTY_NAME": "ST. LOUIS",
        "DISTRICT_NUMBER": 5,
        "TRAVELWAY_ID": 6368,
        "DESIGNATION": "MO",
        "TRAVELWAY_NAME": "100",
        "DIRECTION": "E",
        "TW_CONTINUOUS_BEG_LOG": 104.929001,
        "TW_COUNTY_BEG_LOG": 0,
        "TW_CONTINUOUS_END_LOG": 105.169998,
        "TW_COUNTY_END_LOG": 0,
        "STATUS_DATE": null,
        "START_DATE": "04-MAY-2026",
        "END_DATE": "31-DEC-2026",
        "START_TIME": "12:00 AM",
        "END_TIME": "12:00 AM",
        "WORK_TYPE": "BRIDGE RECONSTRUCTION",
        "NUMBER_LANES_CLOSED": "0",
        "MODOT_USERID": "JIMENJ1 (JAYDEN JIMENEZ)",
        "MODOT_PHONE": "5735085900",
        "COMPANY_CONTACT": "jerry Kronable",
        "COMPANY_WORKING": "gershenson construction co.",
        "COMPANY_PHONE": "3145027972",
        "OP_TYPE": "CONSTRUCTION CONTRACT",
        "ORG_CODE": "7FCB",
        "STATUS": "ACTIVE",
        "WEEKEND": "BOTH",
        "AADT": 37154,
        "NHS": "NHS",
        "ROADWAY_TYPE": "5 LANE SECTION",
        "DIVIDED_UNDIVIDED": "UNDIVIDED",
        "BEG_REF_PT": ".013 mile(s) before CRD MASON LN S",
        "END_REF_PT": ".012 mile(s) after CRD BARRETT STATION RD S",
        "LEVEL_OF_IMPACT": "EXPECT DELAYS",
        "JOB_NUMBER": "6P3274",
        "SPEED_LIMIT": "35",
        "PRIMARY_INDICATOR": "Y",
        "ACTIVATION_DATE": "04-MAY-26",
        "DEACTIVATION_DATE": null,
        "LAST_CHANGED_DATE": "05/27/2026",
        "OPPOSING_TI_WZ_ID": 550719,
        "ESRI_OID": 15,
        "layerId": 33,
        "layerName": "Work Zone High Line",
        "severity": "high"
      }
    },
    {
      "type": "Feature",
      "id": 16,
      "geometry": {
        "type": "LineString",
        "coordinates": [
          [
            -90.49038416899998,
            38.59566098100004
          ],
          [
            -90.48983870499995,
            38.59580662400003
          ],
          [
            -90.48793663199996,
            38.596328878000065
          ],
          [
            -90.48665877499997,
            38.596567365000055
          ],
          [
            -90.48570353899999,
            38.59662251800006
          ],
          [
            -90.48553563299998,
            38.59661856300005
          ]
        ]
      },
      "properties": {
        "OBJECTID": 267970276,
        "TI_OSOW_ID": 346591,
        "ID": 553749,
        "LAST_CHANGED_USER": "CONNEJ1",
        "COUNTY_NAME": "ST. LOUIS",
        "DISTRICT_NUMBER": 5,
        "TRAVELWAY_ID": 6368,
        "DESIGNATION": "MO",
        "TRAVELWAY_NAME": "100",
        "DIRECTION": "E",
        "TW_CONTINUOUS_BEG_LOG": 104.251999,
        "TW_COUNTY_BEG_LOG": 0,
        "TW_CONTINUOUS_END_LOG": 104.524002,
        "TW_COUNTY_END_LOG": 0,
        "STATUS_DATE": null,
        "START_DATE": "23-JUN-2026",
        "END_DATE": "23-SEP-2026",
        "START_TIME": "12:00 AM",
        "END_TIME": "12:00 AM",
        "WORK_TYPE": "BRIDGE RECONSTRUCTION",
        "NUMBER_LANES_CLOSED": "0",
        "MODOT_USERID": "JIMENJ1 (JAYDEN JIMENEZ)",
        "MODOT_PHONE": "5735085900",
        "COMPANY_CONTACT": "jerry Kronable",
        "COMPANY_WORKING": "gershenson construction",
        "COMPANY_PHONE": "3145027972",
        "OP_TYPE": "CONSTRUCTION CONTRACT",
        "ORG_CODE": "7FCB",
        "STATUS": "ACTIVE",
        "WEEKEND": "BOTH",
        "AADT": 37154,
        "NHS": "NHS",
        "ROADWAY_TYPE": "5 LANE SECTION",
        "DIVIDED_UNDIVIDED": "UNDIVIDED",
        "BEG_REF_PT": ".031 mile(s) before CRD CONSORT DR S",
        "END_REF_PT": ".02 mile(s) before PVT MANCHESTER MEADOWS S",
        "LEVEL_OF_IMPACT": "EXPECT DELAYS",
        "JOB_NUMBER": "6P3274",
        "SPEED_LIMIT": "35",
        "PRIMARY_INDICATOR": "Y",
        "ACTIVATION_DATE": "23-JUN-26",
        "DEACTIVATION_DATE": null,
        "LAST_CHANGED_DATE": "06/24/2026",
        "OPPOSING_TI_WZ_ID": 553750,
        "ESRI_OID": 16,
        "layerId": 33,
        "layerName": "Work Zone High Line",
        "severity": "high"
      }
    },
    {
      "type": "Feature",
      "id": 17,
      "geometry": {
        "type": "LineString",
        "coordinates": [
          [
            -90.38066501999998,
            38.43953968000005
          ],
          [
            -90.37991738599999,
            38.441936955000074
          ],
          [
            -90.37987751999998,
            38.442055491000076
          ],
          [
            -90.37978576299997,
            38.44233253800007
          ],
          [
            -90.37854317999995,
            38.44629740200003
          ],
          [
            -90.37795985099996,
            38.44793499100007
          ],
          [
            -90.37656186399994,
            38.45285764800008
          ],
          [
            -90.37654823599996,
            38.45290157300008
          ],
          [
            -90.37466842499998,
            38.45867511000006
          ],
          [
            -90.37374750699996,
            38.461702125000045
          ],
          [
            -90.37335172299998,
            38.462937089000036
          ],
          [
            -90.37312253899995,
            38.46350408400008
          ],
          [
            -90.37293732699999,
            38.46386242700004
          ]
        ]
      },
      "properties": {
        "OBJECTID": 265871437,
        "TI_OSOW_ID": 344166,
        "ID": 547773,
        "LAST_CHANGED_USER": "FARRAC1",
        "COUNTY_NAME": "JEFFERSON",
        "DISTRICT_NUMBER": 5,
        "TRAVELWAY_ID": 12,
        "DESIGNATION": "IS",
        "TRAVELWAY_NAME": "55",
        "DIRECTION": "N",
        "TW_CONTINUOUS_BEG_LOG": 191.895004,
        "TW_COUNTY_BEG_LOG": 0,
        "TW_CONTINUOUS_END_LOG": 193.625,
        "TW_COUNTY_END_LOG": 0,
        "STATUS_DATE": null,
        "START_DATE": "24-MAR-2026",
        "END_DATE": "30-NOV-2026",
        "START_TIME": "12:00 AM",
        "END_TIME": "12:00 AM",
        "WORK_TYPE": "BRIDGE MAINTENANCE",
        "NUMBER_LANES_CLOSED": "1",
        "MODOT_USERID": "FARRAC1 (CYNTHIA FARRAR)",
        "MODOT_PHONE": "3142774069",
        "COMPANY_CONTACT": "Tom LePage",
        "COMPANY_WORKING": "Kozney Wagner",
        "COMPANY_PHONE": "3144860085",
        "OP_TYPE": "CONSTRUCTION CONTRACT",
        "ORG_CODE": "7FCD",
        "STATUS": "ACTIVE",
        "WEEKEND": "BOTH",
        "AADT": 54291,
        "NHS": "NHS",
        "ROADWAY_TYPE": "FREEWAY",
        "DIVIDED_UNDIVIDED": "DIVIDED",
        "BEG_REF_PT": ".047 mile(s) after RP IS55N TO MO141S S",
        "END_REF_PT": ".033 mile(s) before RP MERAMEC BOTTOM RD TO IS55N N",
        "LEVEL_OF_IMPACT": "EXPECT DELAYS",
        "JOB_NUMBER": "6I3290",
        "SPEED_LIMIT": "50",
        "PRIMARY_INDICATOR": "Y",
        "ACTIVATION_DATE": "16-MAR-26",
        "DEACTIVATION_DATE": null,
        "LAST_CHANGED_DATE": "04/07/2026",
        "OPPOSING_TI_WZ_ID": 547774,
        "ESRI_OID": 17,
        "layerId": 33,
        "layerName": "Work Zone High Line",
        "severity": "high"
      }
    },
    {
      "type": "Feature",
      "id": 18,
      "geometry": {
        "type": "LineString",
        "coordinates": [
          [
            -90.37320417899997,
            38.46392886600006
          ],
          [
            -90.37361278899994,
            38.46296202100007
          ],
          [
            -90.37403629499994,
            38.46174776500004
          ],
          [
            -90.37495762899994,
            38.45874481800007
          ],
          [
            -90.37675613899995,
            38.45288075500008
          ],
          [
            -90.37677662099998,
            38.45281748200006
          ],
          [
            -90.37708986799998,
            38.45167150200007
          ],
          [
            -90.37829707199995,
            38.44796470700004
          ],
          [
            -90.37884561599998,
            38.44613542800005
          ],
          [
            -90.38004178599994,
            38.44216996800003
          ],
          [
            -90.38009172899996,
            38.44204646700007
          ],
          [
            -90.38014709999999,
            38.441903558000035
          ],
          [
            -90.38091221699995,
            38.43958791100005
          ]
        ]
      },
      "properties": {
        "OBJECTID": 265871440,
        "TI_OSOW_ID": 344167,
        "ID": 547774,
        "LAST_CHANGED_USER": "FARRAC1",
        "COUNTY_NAME": "ST. LOUIS",
        "DISTRICT_NUMBER": 5,
        "TRAVELWAY_ID": 13,
        "DESIGNATION": "IS",
        "TRAVELWAY_NAME": "55",
        "DIRECTION": "S",
        "TW_CONTINUOUS_BEG_LOG": 16.2040005,
        "TW_COUNTY_BEG_LOG": 0,
        "TW_CONTINUOUS_END_LOG": 17.9349995,
        "TW_COUNTY_END_LOG": 0,
        "STATUS_DATE": null,
        "START_DATE": "24-MAR-2026",
        "END_DATE": "30-NOV-2026",
        "START_TIME": "12:00 AM",
        "END_TIME": "12:00 AM",
        "WORK_TYPE": "BRIDGE MAINTENANCE",
        "NUMBER_LANES_CLOSED": "1",
        "MODOT_USERID": "FARRAC1 (CYNTHIA FARRAR)",
        "MODOT_PHONE": "3142774069",
        "COMPANY_CONTACT": "Tom LePage",
        "COMPANY_WORKING": "Kozney Wagner",
        "COMPANY_PHONE": "3144860085",
        "OP_TYPE": "CONSTRUCTION CONTRACT",
        "ORG_CODE": "7FCD",
        "STATUS": "ACTIVE",
        "WEEKEND": "BOTH",
        "AADT": 70519,
        "NHS": "NHS",
        "ROADWAY_TYPE": "FREEWAY",
        "DIVIDED_UNDIVIDED": "DIVIDED",
        "BEG_REF_PT": ".026 mile(s) after RP IS55S TO MERAMEC BOTTOM RD W",
        "END_REF_PT": ".083 mile(s) before RP MO141N TO IS55S S",
        "LEVEL_OF_IMPACT": "EXPECT DELAYS",
        "JOB_NUMBER": "6I3290",
        "SPEED_LIMIT": "50",
        "PRIMARY_INDICATOR": "Y",
        "ACTIVATION_DATE": "16-MAR-26",
        "DEACTIVATION_DATE": null,
        "LAST_CHANGED_DATE": "04/07/2026",
        "OPPOSING_TI_WZ_ID": 547773,
        "ESRI_OID": 18,
        "layerId": 33,
        "layerName": "Work Zone High Line",
        "severity": "high"
      }
    }
  ]
}
